000000
000002
000003
000004
000005
000006
000007
000008
000009
000010
000012
000014
000015
000016
000017
000018
000019
000020
000021
000023
000024
000025
000026
000027
000028
000029
000031
000032
000033
000034
000035
000037
000038
000040
000041
000042
000044
000045
000046
000047
000048
000049
000051
000052
000054
000056
000057
000059
000060
000062
000063
000065
000067
000068
000069
000070
000073
000074
000075
000076
000078
000079
000080
000081
000082
000083
000084
000085
000086
000087
000088
000089
000090
000091
000093
000096
000097
000098
000099
000100
000101
000102
000103
000105
000108
000109
000110
000112
000113
000114
000116
000117
000118
000120
000122
000123
000124
000125
000126
000128
000129
000130
000132
000134
000135
000138
000140
000141
000142
000144
000146
000148
000149
000151
000153
000154
000156
000157
000158
000160
000161
000162
000163
000164
000165
000168
000169
000171
000172
000173
000178
000183
000184
000186
000187
000191
000197
000199
000202
000203
000206
000207
000209
000210
000211
000212
000216
000218
000219
000220
000221
000223
000224
000225
000227
000228
000232
000234
000237
000238
000239
000240
000243
000244
000246
000247
000252
000253
000255
000256
000257
000258
000260
000261
000262
000264
000266
000267
000269
000271
000272
000274
000275
000276
000277
000278
000279
000280
000281
000282
000283
000284
000286
000287
000288
000291
000292
000295
000296
000298
000299
000301
000302
000303
000305
000307
000308
000309
000312
000314
000315
000316
000317
000318
000320
000322
000323
000325
000327
000328
000329
000332
000334
000335
000336
000339
000340
000342
000343
000345
000346
000348
000349
000353
000355
000356
000357
000358
000359
000360
000362
000363
000364
000365
000366
000367
000368
000370
000373
000374
000375
000376
000377
000378
000379
000380
000381
000382
000384
000387
000388
000389
000390
000391
000392
000395
000396
000401
000402
000404
000406
000408
000410
000411
000412
000413
000414
000415
000416
000419
000420
000422
000425
000426
000427
000428
000429
000430
000431
000432
000433
000435
000436
000437
000438
000439
000440
000441
000444
000446
000449
000450
000451
000452
000453
000454
000455
000456
000457
000458
000459
000461
000462
000463
000465
000468
000470
000471
000473
000475
000476
000477
000479
000480
000481
000483
000485
000486
000489
000492
000493
000494
000495
000496
000497
000498
000500
000501
000502
000503
000505
000506
000507
000508
000509
000510
000511
000513
000514
000515
000516
000517
000518
000520
000521
000522
000523
000524
000525
000527
000530
000532
000533
000535
000536
000537
000538
000539
000540
000541
000542
000544
000545
000546
000547
000549
000550
000552
000554
000555
000556
000557
000558
000561
000563
000564
000568
000569
000570
000571
000572
000573
000574
000575
000576
000577
000581
000587
000588
000589
000590
000591
000592
000593
000594
000595
000597
000598
000599
000600
000602
000603
000604
000605
000606
000608
000610
000612
000614
000615
000616
000617
000618
000619
000620
000621
000622
000623
000624
000625
000626
000629
000630
000631
000633
000635
000637
000638
000639
000640
000641
000643
000644
000645
000647
000648
000649
000652
000653
000654
000655
000656
000657
000665
000667
000668
000670
000671
000674
000675
000676
000679
000680
000682
000683
000684
000685
000686
000689
000690
000691
000692
000693
000694
000698
000700
000701
000705
000707
000709
000710
000711
000712
000713
000715
000716
000717
000718
000721
000722
000725
000726
000731
000733
000736
000738
000739
000741
000743
000749
000750
000752
000754
000756
000757
000760
000761
000762
000764
000765
000766
000767
000768
000769
000770
000771
000772
000773
000774
000775
000776
000777
000778
000779
000781
000782
000783
000784
000785
000787
000788
000789
000790
000792
000793
000794
000795
000796
000797
000798
000799
000800
000801
000802
000804
000805
000806
000807
000809
000813
000814
000817
000818
000821
000822
000824
000825
000826
000827
000828
000829
000830
000831
000832
000833
000834
000835
000836
000838
000840
000841
000842
000844
000846
000847
000849
000850
000854
000855
000857
000858
000859
000860
000861
000862
000863
000864
000866
000867
000869
000872
000873
000874
000875
000876
000877
000878
000879
000881
000882
000883
000885
000888
000889
000890
000892
000893
000894
000897
000903
000904
000905
000906
000909
000910
000911
000912
000914
000915
000916
000917
000919
000920
000921
000922
000924
000925
000926
000927
000928
000929
000932
000933
000934
000936
000938
000941
000945
000946
000947
000950
000952
000953
000954
000956
000958
000960
000962
000963
000968
000970
000974
000975
000978
000980
000981
000982
000984
000986
000988
000991
000992
000993
000994
000995
000996
000997
000998
000999
001000
001001
001002
001003
001004
001005
001006
001007
001008
001009
001010
001011
001012
001013
001014
001015
001016
001017
001018
001019
001021
001023
001024
001025
001027
001028
001030
001032
001033
001035
001036
001037
001038
001039
001040
001044
001045
001048
001049
001050
001051
001053
001054
001055
001056
001057
001059
001061
001062
001063
001064
001065
001066
001068
001069
001070
001071
001073
001074
001077
001079
001080
001081
001082
001083
001084
001086
001087
001088
001089
001091
001092
001093
001094
001096
001097
001099
001103
001104
001105
001107
001109
001111
001112
001114
001115
001116
001118
001119
001121
001122
001123
001124
001126
001127
001130
001131
001132
001134
001135
001136
001137
001138
001139
001140
001141
001142
001143
001144
001145
001146
001148
001151
001152
001154
001157
001158
001159
001161
001162
001163
001164
001166
001167
001168
001169
001173
001174
001175
001178
001179
001180
001181
001182
001183
001184
001185
001186
001187
001190
001192
001193
001195
001196
001197
001199
001200
001203
001205
001206
001207
001208
001209
001210
001212
001213
001214
001216
001217
001218
001221
001222
001223
001225
001227
001229
001230
001231
001232
001233
001235
001236
001237
001238
001239
001240
001242
001243
001245
001246
001247
001249
001251
001252
001253
001254
001255
001257
001262
001265
001266
001267
001268
001269
001271
001274
001275
001278
001281
001282
001284
001285
001287
001288
001289
001290
001291
001293
001294
001295
001297
001298
001299
001300
001301
001302
001304
001305
001306
001308
001310
001311
001312
001313
001315
001316
001318
001319
001320
001321
001322
001325
001330
001332
001334
001335
001336
001337
001338
001339
001340
001341
001342
001344
001346
001347
001348
001349
001350
001351
001352
001353
001354
001355
001357
001358
001359
001360
001362
001364
001365
001367
001369
001371
001373
001374
001376
001378
001379
001380
001382
001383
001384
001386
001387
001388
001390
001391
001392
001393
001394
001397
001399
001400
001401
001402
001403
001409
001410
001415
001416
001417
001419
001420
001421
001422
001423
001424
001425
001426
001427
001428
001430
001431
001433
001434
001436
001438
001439
001442
001443
001445
001447
001448
001451
001455
001456
001457
001459
001460
001461
001462
001464
001465
001466
001468
001470
001471
001472
001474
001475
001476
001477
001478
001479
001480
001481
001482
001483
001484
001485
001486
001487
001489
001490
001491
001492
001493
001495
001496
001497
001499
001501
001502
001503
001506
001507
001509
001510
001511
001513
001514
001515
001516
001518
001519
001520
001522
001523
001524
001525
001527
001528
001529
001530
001532
001533
001534
001536
001537
001538
001539
001540
001542
001543
001544
001545
001547
001548
001549
001550
001553
001555
001557
001558
001559
001560
001561
001563
001564
001566
001571
001573
001575
001576
001581
001582
001584
001586
001587
001590
001593
001594
001595
001597
001598
001599
001600
001601
001602
001605
001606
001607
001608
001609
001610
001611
001612
001614
001615
001616
001617
001618
001619
001620
001621
001622
001623
001625
001627
001630
001631
001635
001638
001639
001641
001643
001644
001645
001646
001647
001648
001649
001650
001651
001653
001654
001655
001656
001657
001658
001659
001660
001661
001662
001664
001666
001667
001668
001669
001670
001671
001673
001674
001677
001679
001681
001684
001685
001686
001687
001688
001689
001690
001693
001694
001695
001696
001697
001702
001703
001704
001705
001706
001707
001708
001709
001710
001714
001715
001716
001717
001719
001723
001724
001725
001726
001727
001728
001729
001731
001733
001737
001738
001739
001740
001741
001742
001744
001746
001748
001749
001750
001751
001752
001753
001754
001755
001761
001762
001763
001764
001765
001766
001767
001768
001769
001770
001772
001773
001774
001777
001779
001780
001782
001783
001784
001785
001786
001787
001788
001789
001790
001791
001792
001793
001794
001795
001796
001798
001799
001801
001802
001803
001804
001805
001807
001808
001809
001811
001812
001813
001814
001815
001818
001819
001820
001821
001822
001823
001824
001825
001826
001827
001828
001829
001830
001831
001835
001838
001839
001840
001841
001842
001843
001845
001847
001849
001850
001851
001852
001853
001854
001855
001857
001858
001859
001860
001861
001862
001863
001864
001866
001867
001868
001871
001872
001875
001876
001877
001878
001879
001881
001883
001886
001887
001888
001889
001890
001891
001892
001893
001894
001895
001897
001899
001900
001901
001902
001904
001906
001907
001908
001909
001910
001911
001912
001913
001914
001915
001916
001918
001919
001921
001923
001924
001925
001927
001928
001930
001931
001932
001933
001934
001937
001938
001940
001943
001944
001946
001949
001951
001952
001953
001954
001956
001959
001960
001962
001964
001965
001967
001968
001969
001970
001971
001972
001973
001974
001976
001977
001978
001981
001982
001984
001985
001986
001987
001988
001989
001990
001991
001992
001993
001994
001995
001998
001999
002003
002004
002006
002007
002010
002011
002012
002014
002015
002016
002018
002020
002021
002022
002023
002025
002026
002028
002029
002030
002031
002032
002033
002035
002036
002037
002038
002039
002040
002041
002042
002044
002046
002047
002049
002050
002051
002052
002053
002054
002056
002057
002059
002060
002061
002062
002064
002065
002066
002071
002073
002074
002075
002076
002077
002078
002079
002080
002081
002082
002083
002084
002085
002086
002087
002089
002090
002091
002092
002093
002095
002096
002097
002098
002099
002100
002101
002102
002103
002104
002105
002106
002107
002108
002109
002110
002111
002112
002113
002114
002115
002116
002117
002118
002119
002121
002122
002124
002126
002127
002128
002130
002131
002135
002136
002137
002141
002143
002144
002146
002147
002148
002149
002150
002151
002154
002156
002157
002159
002160
002161
002164
002165
002166
002167
002168
002169
002170
002171
002172
002174
002175
002177
002178
002179
002181
002185
002186
002187
002190
002192
002193
002195
002196
002197
002198
002199
002202
002203
002204
002205
002206
002208
002209
002210
002211
002212
002214
002216
002218
002219
002220
002221
002223
002224
002226
002228
002229
002230
002232
002233
002235
002237
002240
002242
002243
002244
002245
002248
002249
002251
002252
002254
002255
002257
002258
002259
002260
002261
002264
002265
002267
002269
002270
002271
002272
002273
002274
002275
002277
002279
002280
002281
002283
002284
002285
002286
002287
002288
002289
002290
002291
002293
002294
002295
002297
002299
002300
002302
002303
002304
002306
002307
002308
002309
002311
002312
002314
002316
002317
002318
002319
002322
002323
002324
002325
002326
002327
002328
002329
002330
002331
002332
002333
002335
002336
002338
002339
002340
002341
002342
002343
002344
002347
002348
002349
002350
002351
002352
002354
002355
002356
002358
002359
002360
002362
002364
002366
002367
002368
002369
002370
002372
002373
002374
002375
002376
002378
002379
002380
002381
002382
002383
002384
002387
002390
002394
002395
002397
002401
002402
002404
002405
002407
002408
002409
002410
002412
002413
002414
002415
002417
002418
002419
002420
002421
002422
002423
002424
002425
002427
002428
002429
002431
002432
002433
002434
002437
002438
002439
002440
002441
002442
002443
002444
002445
002446
002447
002448
002450
002452
002454
002455
002456
002457
002459
002460
002462
002463
002464
002465
002467
002469
002470
002473
002476
002484
002486
002487
002488
002490
002492
002493
002494
002495
002496
002497
002498
002499
002500
002501
002504
002505
002507
002508
002509
002510
002511
002512
002514
002515
002516
002519
002520
002521
002524
002525
002526
002527
002528
002529
002530
002532
002533
002534
002536
002538
002540
002541
002542
002543
002544
002546
002547
002548
002549
002550
002551
002553
002554
002555
002556
002557
002558
002559
002561
002563
002564
002565
002566
002568
002569
002570
002572
002573
002574
002575
002576
002577
002578
002579
002580
002581
002582
002588
002590
002592
002594
002595
002596
002598
002599
002600
002601
002605
002606
002607
002608
002610
002612
002613
002614
002615
002616
002617
002620
002622
002623
002624
002625
002627
002629
002632
002633
002634
002635
002636
002637
002638
002640
002643
002644
002646
002647
002651
002652
002653
002654
002655
002657
002658
002659
002660
002661
002662
002663
002664
002666
002667
002668
002669
002674
002675
002676
002677
002678
002679
002680
002682
002685
002687
002688
002689
002690
002692
002693
002694
002695
002696
002697
002698
002700
002702
002703
002704
002705
002706
002707
002708
002710
002711
002712
002713
002715
002716
002718
002723
002724
002727
002728
002729
002731
002732
002736
002737
002739
002740
002741
002742
002743
002744
002745
002750
002751
002752
002755
002756
002757
002758
002759
002760
002761
002762
002763
002767
002768
002769
002770
002773
002774
002775
002776
002777
002780
002781
002782
002783
002784
002785
002788
002789
002790
002791
002792
002793
002794
002795
002796
002798
002799
002801
002802
002803
002804
002805
002806
002807
002809
002812
002813
002815
002816
002817
002819
002821
002822
002824
002825
002826
002827
002828
002829
002830
002831
002832
002833
002834
002835
002837
002838
002841
002842
002845
002846
002847
002848
002849
002851
002853
002854
002855
002857
002859
002860
002863
002864
002865
002866
002867
002868
002870
002871
002872
002873
002874
002876
002877
002878
002882
002883
002884
002885
002888
002890
002891
002892
002893
002894
002895
002897
002901
002902
002903
002904
002906
002908
002909
002911
002912
002913
002914
002915
002916
002919
002921
002923
002924
002925
002926
002930
002931
002932
002933
002935
002936
002937
002938
002940
002941
002942
002943
002945
002946
002947
002949
002951
002952
002954
002956
002958
002959
002960
002962
002963
002964
002965
002966
002967
002968
002970
002971
002972
002973
002974
002976
002978
002979
002980
002981
002982
002984
002985
002986
002988
002989
002990
002992
002993
002994
002998
003001
003002
003003
003004
003005
003006
003007
003008
003009
003010
003013
003015
003017
003018
003019
003020
003024
003025
003027
003028
003029
003033
003034
003035
003036
003037
003038
003039
003040
003042
003047
003048
003049
003052
003054
003055
003056
003057
003059
003060
003062
003064
003065
003066
003067
003068
003072
003073
003075
003076
003077
003078
003080
003081
003084
003085
003086
003087
003088
003089
003090
003091
003094
003095
003096
003100
003101
003103
003104
003106
003107
003108
003110
003111
003113
003114
003115
003116
003117
003118
003119
003120
003121
003122
003123
003124
003126
003127
003130
003131
003132
003133
003134
003135
003142
003143
003146
003147
003149
003150
003151
003152
003153
003155
003156
003157
003158
003159
003161
003163
003165
003166
003168
003169
003170
003172
003176
003177
003179
003180
003182
003183
003184
003186
003187
003188
003189
003190
003191
003192
003193
003194
003195
003197
003200
003201
003203
003204
003205
003207
003208
003210
003211
003212
003213
003214
003215
003217
003218
003220
003221
003222
003223
003225
003227
003228
003229
003232
003234
003236
003237
003238
003239
003240
003241
003242
003243
003245
003246
003247
003248
003249
003250
003251
003252
003253
003254
003256
003257
003259
003260
003261
003262
003264
003266
003268
003270
003271
003272
003273
003274
003276
003277
003278
003280
003281
003283
003284
003286
003287
003288
003290
003292
003293
003294
003295
003296
003297
003298
003299
003300
003301
003303
003304
003306
003307
003308
003310
003311
003314
003315
003318
003319
003320
003321
003322
003323
003324
003326
003328
003329
003332
003333
003334
003336
003341
003343
003345
003346
003347
003350
003353
003358
003359
003360
003362
003365
003366
003367
003368
003369
003370
003372
003373
003374
003375
003376
003378
003379
003380
003381
003385
003387
003388
003389
003395
003396
003397
003399
003401
003403
003404
003405
003406
003407
003408
003409
003410
003412
003413
003414
003416
003417
003418
003419
003423
003425
003426
003427
003428
003430
003431
003435
003436
003438
003439
003440
003441
003442
003443
003444
003446
003447
003448
003449
003450
003451
003453
003454
003455
003456
003458
003459
003461
003463
003464
003466
003469
003470
003471
003472
003473
003474
003475
003478
003479
003481
003483
003485
003487
003488
003489
003490
003491
003492
003494
003495
003496
003497
003500
003501
003502
003504
003505
003506
003508
003509
003511
003513
003516
003517
003518
003519
003520
003523
003524
003525
003526
003527
003529
003530
003532
003533
003534
003536
003538
003540
003541
003543
003544
003547
003548
003549
003550
003551
003552
003553
003554
003556
003557
003558
003559
003561
003562
003563
003564
003565
003566
003568
003572
003574
003576
003579
003580
003582
003584
003585
003586
003587
003588
003590
003592
003597
003598
003599
003600
003601
003604
003605
003606
003607
003608
003611
003612
003613
003616
003617
003619
003620
003621
003622
003623
003626
003627
003628
003630
003631
003632
003633
003635
003636
003637
003639
003640
003641
003643
003644
003645
003646
003647
003652
003653
003654
003655
003656
003658
003660
003661
003664
003665
003668
003669
003670
003672
003673
003674
003675
003676
003677
003679
003680
003681
003682
003684
003686
003687
003689
003690
003692
003693
003696
003697
003699
003700
003701
003707
003709
003712
003713
003714
003715
003716
003717
003718
003719
003720
003721
003722
003723
003724
003725
003726
003729
003732
003733
003734
003737
003738
003740
003741
003744
003745
003746
003747
003751
003752
003753
003754
003756
003757
003758
003760
003763
003765
003767
003768
003769
003770
003771
003772
003773
003774
003775
003777
003778
003779
003780
003781
003782
003783
003786
003787
003788
003789
003790
003791
003793
003794
003795
003796
003797
003798
003799
003800
003801
003802
003804
003805
003807
003810
003813
003814
003815
003816
003819
003821
003822
003824
003825
003829
003830
003831
003832
003834
003836
003838
003839
003840
003841
003843
003845
003847
003848
003849
003850
003851
003852
003853
003855
003856
003857
003858
003859
003860
003864
003865
003867
003870
003871
003872
003874
003875
003876
003877
003880
003881
003882
003883
003884
003885
003887
003889
003890
003891
003893
003894
003896
003897
003898
003899
003900
003902
003906
003907
003908
003909
003910
003911
003912
003913
003914
003915
003917
003918
003919
003920
003922
003923
003924
003925
003926
003927
003929
003931
003932
003933
003934
003935
003936
003937
003938
003939
003940
003942
003943
003944
003945
003946
003947
003950
003951
003952
003953
003954
003955
003957
003960
003961
003962
003963
003965
003968
003969
003970
003971
003972
003973
003977
003978
003979
003980
003982
003984
003985
003988
003989
003990
003991
003993
003995
003996
003997
003998
004000
004003
004004
004005
004006
004007
004008
004012
004013
004014
004015
004016
004017
004018
004019
004020
004022
004023
004024
004025
004026
004027
004028
004029
004030
004031
004032
004033
004035
004038
004040
004041
004044
004046
004047
004049
004050
004051
004053
004056
004057
004058
004059
004060
004061
004062
004063
004064
004065
004067
004068
004069
004070
004072
004074
004075
004076
004077
004079
004080
004083
004086
004087
004089
004091
004092
004093
004095
004098
004099
004100
004101
004102
004103
004104
004106
004107
004108
004109
004110
004111
004112
004113
004114
004117
004118
004121
004122
004125
004126
004130
004131
004132
004135
004136
004137
004139
004140
004141
004142
004143
004144
004145
004146
004147
004148
004149
004150
004151
004154
004156
004157
004158
004160
004162
004163
004164
004166
004168
004169
004172
004174
004176
004178
004179
004180
004182
004184
004187
004188
004190
004191
004192
004193
004194
004196
004197
004198
004199
004200
004201
004202
004204
004205
004206
004207
004208
004209
004210
004212
004213
004214
004215
004217
004218
004219
004220
004221
004222
004225
004226
004227
004228
004229
004230
004232
004233
004234
004236
004237
004239
004240
004242
004244
004245
004246
004247
004248
004249
004251
004252
004253
004254
004255
004257
004258
004259
004263
004264
004266
004268
004269
004270
004273
004274
004275
004276
004277
004278
004279
004280
004281
004282
004283
004284
004286
004288
004289
004290
004291
004292
004295
004297
004298
004299
004300
004302
004303
004305
004306
004309
004310
004311
004312
004314
004315
004316
004317
004318
004320
004323
004324
004325
004326
004328
004329
004330
004332
004333
004334
004336
004337
004338
004339
004341
004343
004344
004347
004348
004349
004350
004351
004352
004353
004354
004356
004358
004359
004360
004366
004367
004369
004371
004372
004374
004376
004377
004378
004379
004380
004381
004383
004384
004385
004386
004387
004388
004389
004393
004394
004395
004396
004397
004398
004400
004401
004402
004403
004404
004405
004408
004409
004410
004411
004412
004414
004415
004416
004418
004420
004421
004423
004424
004425
004426
004427
004428
004429
004430
004431
004432
004434
004435
004436
004438
004439
004440
004441
004443
004444
004445
004448
004451
004452
004453
004455
004457
004458
004459
004460
004463
004466
004468
004470
004471
004472
004473
004475
004476
004479
004481
004482
004483
004484
004485
004487
004488
004489
004490
004491
004493
004494
004495
004496
004497
004498
004499
004500
004501
004502
004503
004504
004505
004506
004507
004508
004510
004511
004512
004513
004515
004516
004519
004520
004521
004523
004524
004525
004526
004528
004529
004531
004532
004534
004535
004536
004537
004538
004539
004541
004542
004543
004544
004545
004548
004549
004550
004553
004554
004555
004556
004558
004559
004563
004564
004566
004567
004568
004569
004571
004572
004573
004574
004575
004576
004577
004578
004581
004582
004583
004584
004588
004589
004592
004593
004594
004595
004597
004598
004600
004603
004604
004605
004607
004609
004610
004611
004612
004613
004614
004619
004620
004621
004626
004627
004628
004629
004630
004632
004635
004636
004637
004639
004640
004641
004643
004645
004648
004649
004650
004651
004653
004655
004657
004658
004660
004661
004663
004664
004666
004668
004669
004670
004671
004673
004675
004676
004679
004680
004682
004683
004686
004687
004688
004692
004694
004695
004696
004697
004699
004700
004702
004704
004705
004708
004710
004711
004712
004713
004714
004716
004717
004718
004719
004720
004721
004722
004723
004724
004725
004726
004728
004729
004730
004731
004732
004733
004734
004736
004737
004738
004741
004743
004744
004745
004746
004747
004749
004750
004751
004752
004753
004755
004757
004760
004761
004762
004763
004764
004765
004766
004768
004769
004770
004771
004772
004774
004775
004776
004777
004780
004781
004782
004783
004785
004786
004787
004788
004790
004791
004792
004794
004795
004797
004801
004802
004803
004804
004806
004809
004811
004812
004813
004814
004815
004816
004817
004818
004819
004821
004824
004827
004828
004829
004830
004831
004832
004833
004834
004835
004836
004838
004839
004840
004842
004843
004845
004846
004847
004848
004849
004850
004853
004855
004857
004858
004859
004860
004861
004862
004863
004864
004866
004867
004871
004873
004874
004875
004878
004885
004886
004887
004888
004889
004890
004891
004893
004894
004895
004896
004897
004900
004901
004902
004903
004904
004905
004906
004907
004908
004909
004911
004912
004914
004915
004916
004917
004918
004920
004921
004922
004923
004926
004927
004928
004929
004935
004937
004938
004939
004940
004941
004944
004945
004946
004948
004949
004950
004951
004955
004956
004957
004958
004960
004961
004963
004965
004967
004968
004969
004970
004974
004975
004976
004977
004978
004979
004980
004981
004982
004984
004986
004987
004988
004989
004990
004991
004992
004993
004994
004995
004997
004998
004999
005000
005001
005002
005003
005006
005009
005010
005011
005013
005014
005015
005016
005017
005018
005019
005020
005022
005023
005025
005027
005028
005029
005030
005031
005032
005033
005034
005036
005037
005039
005042
005047
005048
005052
005053
005055
005056
005058
005059
005060
005063
005066
005067
005068
005069
005071
005073
005076
005077
005078
005079
005080
005081
005083
005085
005086
005087
005091
005093
005094
005095
005099
005100
005101
005102
005103
005105
005107
005108
005109
005112
005113
005115
005122
005123
005125
005126
005127
005128
005129
005130
005131
005132
005133
005134
005135
005136
005137
005138
005139
005140
005141
005142
005143
005144
005145
005146
005147
005148
005149
005152
005155
005156
005157
005158
005159
005161
005162
005163
005164
005165
005166
005167
005168
005170
005171
005172
005176
005179
005182
005183
005185
005186
005187
005188
005191
005192
005193
005194
005196
005197
005198
005199
005200
005201
005202
005203
005204
005205
005206
005207
005208
005209
005210
005211
005212
005213
005215
005216
005217
005220
005221
005222
005223
005224
005227
005228
005231
005233
005234
005236
005237
005238
005239
005241
005243
005244
005245
005246
005247
005249
005250
005251
005252
005253
005257
005258
005259
005260
005261
005262
005265
005266
005269
005272
005274
005276
005279
005280
005281
005282
005284
005286
005287
005288
005290
005291
005292
005293
005294
005295
005296
005297
005299
005300
005301
005302
005303
005304
005305
005307
005308
005309
005311
005312
005313
005315
005316
005317
005319
005320
005321
005322
005326
005327
005329
005330
005331
005332
005333
005334
005336
005337
005338
005340
005341
005342
005343
005345
005346
005348
005349
005350
005352
005353
005354
005355
005356
005359
005360
005362
005363
005364
005365
005366
005369
005370
005374
005375
005376
005379
005380
005381
005382
005383
005386
005387
005388
005389
005390
005391
005392
005394
005395
005396
005400
005403
005404
005405
005406
005407
005408
005409
005410
005411
005412
005413
005417
005418
005420
005421
005422
005423
005424
005425
005426
005427
005428
005429
005430
005431
005432
005433
005436
005437
005438
005439
005440
005441
005447
005448
005449
005450
005452
005454
005455
005457
005458
005462
005463
005464
005465
005466
005467
005468
005469
005471
005472
005473
005475
005476
005477
005482
005484
005485
005487
005488
005489
005490
005491
005493
005494
005495
005496
005497
005499
005502
005504
005505
005508
005510
005511
005512
005513
005515
005517
005518
005519
005521
005522
005523
005527
005531
005532
005533
005535
005536
005539
005540
005541
005543
005545
005546
005547
005548
005549
005550
005551
005552
005553
005554
005555
005556
005559
005560
005562
005563
005564
005565
005569
005570
005571
005572
005575
005576
005580
005581
005582
005583
005585
005586
005588
005589
005591
005594
005595
005596
005597
005599
005600
005601
005602
005603
005604
005606
005607
005608
005610
005611
005612
005613
005615
005616
005617
005618
005620
005621
005622
005626
005628
005630
005631
005633
005635
005636
005638
005639
005640
005641
005642
005643
005644
005647
005649
005653
005655
005656
005657
005658
005660
005661
005662
005664
005667
005668
005670
005674
005677
005678
005679
005680
005682
005683
005684
005685
005687
005688
005689
005690
005693
005696
005697
005698
005699
005701
005703
005708
005709
005710
005711
005716
005717
005718
005719
005720
005721
005722
005723
005724
005726
005728
005729
005730
005732
005733
005734
005735
005738
005739
005741
005742
005744
005745
005747
005750
005751
005752
005754
005757
005758
005759
005760
005761
005762
005763
005764
005765
005766
005767
005768
005769
005770
005774
005775
005776
005777
005779
005780
005781
005783
005784
005786
005787
005788
005789
005790
005791
005792
005794
005795
005796
005798
005799
005800
005801
005803
005804
005806
005807
005808
005809
005811
005813
005815
005816
005818
005819
005820
005823
005825
005826
005827
005828
005830
005832
005833
005834
005835
005839
005840
005841
005842
005843
005844
005845
005846
005847
005848
005850
005851
005853
005854
005855
005856
005857
005858
005860
005861
005865
005866
005867
005868
005869
005870
005872
005873
005874
005875
005876
005877
005879
005880
005881
005882
005883
005884
005886
005887
005888
005891
005893
005894
005895
005896
005897
005898
005899
005900
005902
005903
005905
005906
005907
005908
005910
005911
005912
005913
005914
005915
005916
005918
005920
005921
005923
005924
005926
005927
005929
005933
005934
005936
005937
005938
005940
005941
005942
005943
005944
005945
005946
005947
005949
005950
005951
005952
005953
005954
005955
005958
005959
005961
005962
005963
005964
005965
005967
005968
005969
005970
005971
005972
005973
005975
005976
005977
005980
005981
005982
005984
005985
005986
005988
005990
005992
005993
005994
005995
005996
005998
006000
006001
006002
006005
006006
006008
006009
006010
006011
006012
006013
006014
006015
006016
006018
006023
006025
006026
006027
006029
006030
006033
006035
006036
006037
006038
006040
006041
006042
006043
006046
006047
006048
006049
006050
006052
006053
006056
006057
006058
006059
006060
006061
006062
006063
006064
006065
006066
006067
006068
006069
006070
006071
006073
006075
006076
006077
006078
006079
006080
006081
006082
006083
006084
006085
006086
006087
006088
006089
006090
006092
006093
006094
006095
006097
006098
006099
006100
006101
006102
006103
006104
006105
006106
006108
006110
006111
006112
006113
006114
006115
006117
006118
006119
006121
006122
006123
006125
006126
006128
006130
006131
006132
006133
006134
006135
006136
006140
006141
006143
006145
006146
006147
006148
006149
006150
006151
006153
006156
006157
006158
006159
006160
006161
006162
006163
006164
006165
006166
006167
006168
006169
006170
006172
006173
006175
006176
006177
006184
006185
006186
006187
006189
006190
006191
006193
006194
006196
006197
006198
006199
006200
006202
006204
006205
006207
006208
006209
006210
006211
006212
006213
006214
006215
006218
006219
006220
006222
006223
006224
006225
006227
006228
006229
006230
006231
006234
006235
006236
006237
006239
006240
006243
006245
006246
006247
006248
006249
006251
006254
006256
006258
006259
006261
006262
006264
006265
006266
006268
006270
006271
006272
006273
006274
006275
006277
006280
006281
006282
006283
006285
006287
006289
006290
006291
006292
006293
006295
006296
006298
006300
006301
006302
006303
006304
006305
006306
006307
006308
006309
006312
006314
006315
006318
006319
006320
006321
006323
006324
006325
006326
006328
006330
006331
006333
006334
006336
006337
006338
006339
006343
006344
006345
006346
006347
006348
006349
006350
006351
006352
006353
006354
006355
006356
006357
006358
006359
006360
006361
006362
006363
006365
006366
006367
006368
006370
006371
006373
006376
006377
006379
006380
006381
006382
006383
006384
006385
006387
006388
006389
006390
006391
006392
006393
006394
006395
006398
006399
006405
006408
006409
006411
006412
006413
006414
006415
006416
006417
006419
006420
006421
006422
006423
006425
006427
006428
006429
006431
006433
006434
006436
006437
006439
006440
006441
006442
006443
006444
006445
006447
006448
006449
006450
006453
006454
006455
006456
006457
006458
006462
006463
006465
006466
006468
006470
006471
006473
006474
006476
006477
006478
006479
006480
006481
006482
006483
006484
006485
006486
006487
006489
006490
006492
006494
006496
006497
006498
006499
006500
006501
006502
006503
006504
006506
006507
006510
006511
006512
006513
006514
006515
006516
006517
006518
006519
006520
006521
006524
006528
006529
006530
006532
006533
006534
006535
006537
006541
006542
006543
006545
006546
006547
006548
006549
006550
006551
006552
006553
006554
006555
006558
006559
006560
006561
006562
006563
006564
006565
006569
006570
006571
006573
006575
006576
006577
006578
006579
006581
006584
006586
006587
006588
006590
006591
006592
006593
006594
006595
006597
006598
006599
006600
006601
006602
006604
006605
006606
006607
006608
006609
006611
006612
006613
006614
006616
006617
006618
006619
006620
006621
006622
006623
006624
006625
006628
006630
006631
006632
006634
006635
006636
006639
006640
006641
006643
006644
006645
006647
006649
006650
006651
006652
006653
006654
006657
006658
006659
006661
006662
006663
006664
006665
006666
006667
006668
006669
006671
006673
006674
006675
006677
006678
006679
006680
006681
006683
006684
006685
006686
006687
006688
006691
006693
006695
006696
006698
006699
006700
006702
006704
006707
006709
006710
006711
006712
006714
006715
006716
006717
006718
006721
006722
006724
006725
006726
006727
006729
006730
006731
006732
006734
006735
006736
006737
006738
006742
006743
006744
006746
006748
006749
006750
006752
006753
006754
006755
006756
006757
006759
006761
006763
006764
006765
006766
006768
006769
006770
006771
006773
006774
006775
006778
006779
006780
006783
006784
006786
006787
006788
006790
006791
006793
006794
006796
006798
006800
006801
006802
006804
006806
006807
006808
006809
006810
006813
006815
006816
006817
006819
006823
006824
006825
006827
006828
006829
006830
006831
006832
006834
006836
006837
006838
006839
006840
006841
006843
006844
006846
006849
006850
006851
006852
006853
006854
006855
006856
006857
006863
006864
006865
006867
006869
006870
006871
006873
006875
006879
006881
006882
006884
006885
006888
006889
006890
006891
006892
006893
006894
006895
006896
006897
006898
006899
006900
006901
006902
006903
006905
006906
006907
006909
006910
006911
006913
006914
006915
006916
006918
006919
006920
006921
006922
006923
006925
006926
006930
006931
006933
006934
006935
006936
006939
006941
006943
006944
006945
006946
006947
006949
006951
006955
006958
006960
006962
006964
006965
006966
006968
006969
006970
006972
006973
006974
006976
006977
006979
006981
006982
006983
006984
006985
006989
006991
006992
006993
006994
006995
006996
006997
007001
007002
007003
007005
007006
007007
007008
007009
007010
007011
007012
007013
007015
007016
007018
007019
007022
007023
007025
007027
007028
007029
007030
007031
007034
007035
007037
007038
007039
007040
007042
007043
007045
007046
007047
007048
007051
007052
007053
007054
007056
007059
007060
007061
007065
007066
007067
007068
007069
007070
007071
007072
007073
007074
007076
007077
007078
007079
007080
007081
007082
007085
007087
007088
007090
007091
007092
007094
007095
007097
007099
007102
007103
007105
007106
007109
007110
007113
007115
007116
007117
007118
007119
007122
007123
007126
007127
007128
007129
007130
007131
007132
007133
007134
007135
007136
007137
007138
007140
007142
007143
007144
007145
007146
007147
007148
007149
007150
007151
007152
007153
007155
007156
007158
007159
007161
007162
007163
007165
007166
007169
007170
007171
007172
007173
007175
007177
007180
007182
007183
007184
007185
007186
007190
007191
007192
007193
007194
007195
007196
007199
007200
007201
007202
007205
007206
007207
007210
007212
007214
007215
007217
007218
007219
007220
007221
007223
007225
007226
007228
007229
007230
007231
007233
007234
007235
007236
007237
007238
007239
007240
007241
007242
007243
007244
007246
007247
007248
007249
007252
007253
007254
007256
007257
007258
007259
007260
007261
007262
007264
007266
007267
007268
007269
007270
007271
007272
007273
007274
007275
007278
007279
007280
007281
007283
007284
007285
007287
007288
007292
007293
007294
007296
007297
007299
007301
007302
007303
007304
007305
007306
007308
007312
007314
007316
007318
007319
007321
007322
007323
007324
007326
007327
007328
007329
007330
007331
007332
007333
007334
007335
007337
007338
007340
007341
007342
007343
007344
007346
007351
007352
007353
007354
007355
007357
007359
007360
007361
007364
007367
007368
007369
007370
007371
007372
007374
007375
007377
007379
007381
007382
007383
007385
007386
007387
007388
007389
007390
007391
007392
007393
007394
007395
007396
007397
007399
007400
007401
007402
007403
007404
007405
007406
007407
007408
007411
007414
007415
007416
007418
007422
007423
007424
007426
007427
007428
007429
007430
007431
007433
007434
007435
007436
007437
007438
007440
007441
007442
007443
007444
007447
007448
007449
007450
007451
007452
007454
007455
007460
007462
007463
007464
007465
007467
007468
007469
007476
007477
007478
007481
007482
007484
007485
007486
007487
007488
007489
007490
007491
007493
007494
007495
007496
007499
007500
007501
007502
007503
007504
007505
007506
007508
007509
007510
007512
007514
007515
007516
007517
007518
007519
007520
007521
007522
007523
007525
007526
007527
007529
007530
007531
007533
007534
007539
007540
007541
007545
007547
007548
007549
007554
007555
007557
007558
007559
007560
007561
007563
007564
007565
007567
007569
007570
007571
007572
007573
007574
007575
007576
007577
007578
007579
007580
007583
007584
007585
007586
007587
007588
007589
007590
007591
007592
007594
007595
007596
007599
007601
007602
007604
007606
007607
007608
007609
007610
007611
007612
007613
007614
007615
007616
007617
007618
007619
007620
007621
007622
007625
007626
007627
007628
007630
007633
007634
007635
007640
007644
007645
007646
007649
007650
007651
007652
007654
007655
007657
007658
007659
007660
007662
007663
007664
007665
007666
007669
007670
007672
007673
007674
007675
007676
007677
007678
007679
007680
007682
007685
007686
007687
007688
007689
007690
007691
007694
007695
007696
007697
007698
007699
007701
007703
007705
007706
007708
007709
007710
007711
007713
007714
007715
007716
007717
007718
007720
007721
007724
007725
007726
007727
007729
007731
007733
007734
007735
007736
007737
007738
007739
007740
007741
007743
007744
007746
007748
007750
007751
007752
007753
007754
007756
007757
007760
007763
007764
007765
007767
007768
007769
007770
007771
007772
007773
007775
007778
007783
007784
007787
007788
007792
007793
007794
007795
007797
007800
007801
007802
007803
007804
007806
007809
007810
007811
007812
007813
007814
007815
007816
007817
007818
007819
007820
007821
007822
007824
007825
007826
007827
007829
007831
007832
007833
007834
007835
007836
007837
007839
007840
007841
007842
007843
007844
007845
007846
007849
007850
007851
007852
007853
007855
007858
007860
007861
007862
007866
007869
007870
007871
007874
007875
007876
007877
007878
007879
007880
007881
007882
007886
007888
007889
007891
007893
007896
007897
007899
007900
007901
007902
007903
007904
007905
007907
007908
007909
007910
007911
007913
007916
007917
007922
007924
007926
007928
007929
007931
007933
007934
007935
007936
007937
007938
007940
007941
007942
007943
007944
007945
007947
007948
007949
007950
007951
007952
007953
007955
007958
007959
007962
007963
007964
007966
007967
007968
007969
007970
007971
007973
007974
007975
007976
007977
007978
007979
007980
007981
007983
007984
007985
007987
007989
007990
007992
007993
007994
007995
007996
007997
007998
007999
008000
008001
008002
008003
008006
008007
008008
008009
008010
008011
008014
008015
008016
008018
008019
008020
008023
008024
008025
008026
008027
008028
008031
008033
008034
008035
008036
008037
008038
008040
008041
008043
008044
008046
008047
008048
008049
008050
008051
008054
008055
008056
008059
008060
008061
008062
008063
008065
008069
008070
008071
008072
008073
008074
008075
008077
008078
008079
008080
008082
008084
008085
008086
008087
008088
008090
008091
008093
008095
008096
008098
008099
008100
008101
008102
008103
008104
008105
008108
008110
008113
008114
008115
008116
008117
008118
008119
008120
008121
008122
008124
008125
008127
008128
008129
008130
008131
008132
008133
008134
008135
008136
008137
008138
008140
008141
008143
008144
008145
008147
008149
008150
008151
008152
008153
008154
008156
008157
008158
008160
008161
008162
008163
008164
008165
008166
008167
008169
008170
008171
008172
008174
008175
008178
008179
008180
008181
008182
008185
008186
008188
008189
008190
008191
008195
008197
008198
008199
008200
008201
008202
008203
008205
008206
008207
008208
008209
008210
008212
008213
008214
008215
008216
008217
008218
008220
008221
008222
008223
008224
008225
008226
008228
008229
008230
008231
008233
008234
008236
008237
008238
008239
008241
008242
008243
008245
008247
008249
008250
008251
008253
008255
008256
008257
008263
008264
008265
008266
008268
008269
008270
008272
008273
008274
008275
008276
008277
008278
008280
008284
008285
008286
008288
008290
008291
008292
008293
008294
008296
008297
008299
008300
008301
008302
008303
008306
008308
008309
008310
008312
008313
008314
008317
008318
008320
008322
008324
008325
008326
008327
008328
008330
008332
008334
008335
008337
008338
008339
008341
008342
008343
008344
008345
008349
008350
008352
008354
008357
008359
008360
008361
008363
008364
008367
008369
008370
008371
008373
008374
008375
008377
008379
008380
008384
008385
008386
008387
008388
008389
008390
008392
008393
008394
008396
008397
008398
008399
008402
008403
008406
008408
008409
008410
008411
008412
008413
008414
008415
008420
008421
008422
008423
008426
008428
008429
008430
008431
008432
008433
008434
008435
008436
008437
008438
008439
008441
008443
008444
008447
008448
008449
008450
008451
008453
008454
008455
008456
008457
008459
008460
008462
008463
008465
008466
008467
008468
008470
008471
008472
008473
008474
008475
008476
008478
008479
008480
008482
008483
008488
008489
008492
008493
008496
008497
008498
008499
008500
008501
008503
008504
008506
008507
008509
008511
008513
008514
008515
008516
008518
008519
008522
008523
008524
008525
008526
008527
008529
008531
008532
008533
008536
008538
008539
008541
008542
008545
008546
008547
008548
008549
008550
008551
008552
008553
008555
008556
008557
008558
008559
008560
008561
008562
008565
008567
008570
008571
008572
008573
008575
008576
008579
008581
008583
008584
008585
008586
008587
008588
008589
008591
008592
008593
008596
008598
008599
008600
008601
008602
008603
008604
008605
008606
008607
008608
008609
008611
008615
008616
008617
008618
008619
008620
008622
008623
008624
008625
008626
008628
008630
008631
008634
008637
008639
008640
008641
008643
008644
008645
008647
008648
008650
008651
008652
008654
008655
008656
008657
008658
008659
008660
008661
008662
008663
008664
008667
008668
008669
008670
008673
008674
008675
008677
008678
008679
008680
008681
008683
008684
008686
008687
008689
008690
008691
008692
008693
008696
008697
008698
008699
008701
008703
008704
008706
008708
008709
008710
008711
008712
008713
008714
008715
008716
008719
008720
008721
008722
008723
008725
008726
008727
008728
008730
008731
008734
008735
008736
008737
008738
008739
008740
008742
008743
008744
008745
008746
008747
008749
008750
008753
008754
008755
008756
008757
008758
008759
008760
008761
008762
008765
008766
008767
008769
008771
008772
008773
008774
008775
008776
008777
008778
008780
008781
008782
008784
008785
008786
008787
008788
008789
008790
008791
008792
008794
008798
008800
008801
008802
008803
008804
008805
008806
008807
008808
008810
008812
008813
008814
008815
008817
008820
008823
008824
008825
008826
008828
008830
008832
008833
008836
008837
008839
008840
008841
008842
008843
008846
008847
008848
008849
008851
008852
008854
008856
008857
008858
008859
008861
008866
008867
008868
008870
008871
008872
008873
008874
008875
008876
008877
008879
008880
008881
008882
008883
008884
008885
008888
008889
008890
008893
008894
008895
008897
008898
008900
008901
008902
008904
008905
008906
008908
008909
008910
008912
008913
008914
008917
008918
008919
008920
008924
008925
008926
008929
008930
008931
008932
008935
008936
008937
008938
008939
008940
008941
008942
008944
008945
008946
008947
008949
008950
008951
008952
008953
008955
008957
008958
008960
008961
008962
008964
008966
008967
008968
008969
008970
008972
008973
008974
008975
008976
008977
008978
008979
008980
008982
008983
008984
008985
008986
008987
008988
008991
008992
008993
008994
008996
008997
008998
008999
009000
009003
009004
009005
009007
009009
009010
009013
009014
009016
009017
009018
009019
009021
009022
009023
009026
009027
009028
009030
009032
009034
009036
009037
009038
009039
009040
009041
009042
009044
009046
009048
009049
009050
009052
009053
009055
009056
009058
009059
009060
009061
009064
009065
009066
009067
009069
009071
009073
009074
009076
009077
009079
009080
009081
009082
009083
009084
009086
009087
009088
009089
009090
009092
009093
009095
009096
009097
009099
009100
009101
009102
009103
009104
009105
009106
009108
009109
009110
009111
009112
009113
009114
009115
009116
009117
009119
009120
009122
009123
009126
009127
009128
009131
009133
009134
009137
009138
009139
009141
009142
009143
009144
009146
009148
009149
009150
009154
009155
009156
009157
009158
009160
009161
009162
009163
009164
009165
009166
009167
009168
009169
009170
009171
009172
009173
009175
009176
009177
009178
009179
009181
009182
009183
009184
009188
009190
009191
009192
009193
009194
009195
009196
009197
009198
009199
009200
009201
009202
009203
009204
009206
009207
009208
009209
009211
009212
009214
009216
009219
009220
009222
009225
009226
009227
009231
009232
009233
009235
009237
009238
009239
009240
009241
009242
009243
009244
009245
009246
009248
009249
009250
009251
009254
009255
009257
009258
009259
009260
009261
009263
009266
009267
009268
009269
009270
009271
009273
009274
009275
009278
009279
009281
009282
009283
009284
009287
009290
009291
009292
009293
009294
009295
009296
009299
009300
009301
009302
009303
009305
009306
009307
009309
009310
009311
009312
009313
009315
009317
009318
009319
009320
009321
009322
009323
009324
009325
009326
009327
009328
009329
009330
009331
009332
009333
009334
009335
009336
009338
009339
009340
009342
009343
009344
009345
009346
009348
009349
009351
009352
009353
009354
009356
009357
009358
009361
009362
009364
009365
009368
009369
009371
009372
009374
009376
009377
009378
009379
009381
009383
009384
009387
009389
009392
009393
009394
009396
009398
009399
009400
009402
009404
009407
009408
009409
009412
009415
009418
009419
009420
009421
009422
009424
009425
009427
009428
009431
009432
009433
009434
009435
009436
009437
009438
009439
009441
009443
009444
009445
009446
009447
009448
009449
009451
009452
009454
009455
009456
009457
009458
009460
009461
009462
009463
009464
009465
009466
009467
009469
009472
009474
009475
009476
009478
009479
009480
009481
009482
009485
009486
009487
009488
009489
009490
009491
009492
009494
009495
009496
009498
009499
009502
009504
009505
009506
009507
009508
009509
009511
009512
009513
009516
009518
009519
009522
009523
009524
009525
009526
009527
009529
009531
009532
009533
009536
009537
009538
009540
009541
009542
009543
009545
009546
009548
009550
009551
009554
009555
009557
009559
009561
009562
009566
009567
009568
009569
009570
009571
009572
009574
009575
009577
009578
009579
009580
009581
009582
009583
009584
009585
009586
009588
009589
009590
009592
009594
009595
009596
009597
009598
009599
009600
009601
009604
009605
009606
009607
009608
009610
009611
009612
009613
009615
009617
009619
009622
009624
009625
009626
009627
009628
009630
009631
009632
009634
009635
009636
009637
009638
009639
009640
009641
009644
009647
009648
009649
009651
009652
009654
009655
009657
009659
009660
009661
009662
009665
009666
009669
009670
009671
009672
009674
009675
009676
009677
009681
009683
009684
009685
009686
009688
009690
009691
009692
009693
009694
009696
009697
009698
009699
009700
009701
009702
009703
009705
009706
009708
009709
009710
009711
009712
009713
009714
009715
009716
009717
009718
009719
009720
009721
009723
009725
009726
009727
009728
009730
009731
009732
009734
009735
009738
009739
009740
009741
009742
009743
009745
009747
009748
009750
009751
009752
009753
009754
009759
009760
009762
009765
009766
009767
009768
009771
009773
009776
009777
009779
009780
009781
009782
009784
009785
009786
009787
009788
009789
009790
009792
009797
009798
009803
009806
009807
009808
009809
009812
009813
009815
009816
009818
009819
009820
009823
009824
009826
009827
009828
009830
009831
009834
009835
009836
009837
009839
009840
009841
009842
009844
009845
009847
009848
009849
009850
009851
009852
009853
009854
009855
009856
009857
009858
009859
009860
009861
009862
009864
009865
009866
009867
009868
009869
009870
009871
009872
009873
009874
009875
009877
009879
009880
009882
009883
009884
009885
009886
009888
009889
009891
009894
009895
009897
009898
009899
009901
009902
009905
009906
009907
009909
009910
009912
009914
009915
009916
009917
009918
009920
009921
009922
009923
009926
009927
009931
009932
009933
009934
009935
009937
009938
009940
009941
009942
009943
009944
009946
009951
009952
009953
009954
009955
009956
009957
009959
009960
009961
009962
009963
009964
009967
009968
009969
009970
009971
009972
009974
009975
009977
009978
009979
009980
009981
009982
009983
009984
009985
009986
009987
009989
009990
009991
009992
009995
009997
009998
009999
010000
010002
010003
010004
010005
010006
010007
010008
010010
010012
010014
010016
010017
010018
010019
010020
010021
010022
010023
010026
010027
010029
010030
010031
010033
010034
010035
010036
010037
010039
010040
010041
010042
010043
010044
010046
010047
010048
010049
010050
010051
010052
010053
010056
010057
010058
010060
010062
010064
010065
010066
010067
010068
010069
010073
010075
010076
010077
010078
010080
010085
010086
010087
010089
010090
010091
010092
010094
010095
010099
010101
010102
010103
010104
010105
010107
010108
010110
010111
010112
010113
010116
010117
010119
010120
010122
010123
010124
010125
010127
010128
010129
010131
010132
010133
010134
010136
010137
010139
010140
010141
010142
010143
010144
010148
010151
010153
010154
010155
010156
010157
010158
010160
010161
010165
010166
010167
010168
010169
010171
010172
010173
010174
010175
010176
010180
010181
010182
010183
010184
010186
010187
010188
010189
010190
010191
010193
010195
010197
010198
010199
010202
010204
010205
010206
010207
010208
010210
010212
010215
010216
010220
010221
010223
010226
010227
010228
010231
010232
010233
010236
010237
010238
010240
010243
010244
010245
010246
010247
010250
010253
010254
010255
010258
010259
010260
010261
010262
010263
010264
010265
010266
010269
010271
010273
010274
010275
010276
010277
010278
010280
010281
010282
010283
010285
010286
010287
010291
010293
010294
010295
010296
010297
010299
010300
010302
010303
010305
010308
010309
010310
010311
010312
010313
010314
010315
010316
010317
010318
010321
010323
010324
010325
010326
010327
010328
010330
010332
010333
010336
010337
010340
010341
010342
010343
010344
010345
010346
010347
010349
010350
010351
010352
010353
010355
010357
010358
010359
010360
010362
010363
010365
010366
010367
010368
010369
010370
010372
010373
010376
010377
010378
010381
010382
010383
010384
010386
010387
010391
010393
010395
010396
010397
010398
010399
010402
010405
010406
010407
010408
010410
010414
010416
010419
010422
010423
010424
010425
010426
010427
010428
010430
010431
010432
010433
010434
010435
010437
010438
010439
010441
010442
010443
010444
010445
010446
010449
010450
010451
010453
010455
010456
010458
010459
010460
010462
010465
010466
010468
010469
010471
010472
010475
010476
010477
010478
010479
010480
010482
010483
010484
010485
010486
010488
010489
010490
010491
010492
010493
010494
010495
010497
010498
010501
010502
010503
010504
010506
010507
010509
010510
010512
010513
010514
010515
010520
010521
010524
010525
010528
010530
010531
010532
010536
010538
010540
010542
010544
010547
010548
010549
010550
010553
010554
010555
010557
010558
010560
010561
010565
010567
010568
010569
010571
010572
010573
010574
010575
010576
010577
010578
010581
010582
010583
010584
010586
010587
010588
010589
010590
010591
010592
010593
010594
010595
010596
010599
010600
010602
010605
010606
010608
010609
010611
010612
010613
010615
010616
010618
010620
010623
010624
010625
010626
010627
010628
010629
010631
010632
010635
010636
010637
010639
010640
010642
010643
010645
010646
010647
010648
010651
010652
010654
010655
010656
010657
010658
010662
010664
010665
010666
010667
010668
010670
010671
010672
010673
010674
010675
010677
010678
010679
010680
010681
010682
010683
010684
010688
010689
010690
010691
010692
010693
010697
010698
010700
010701
010703
010705
010706
010708
010711
010712
010713
010717
010718
010720
010721
010722
010723
010724
010725
010726
010727
010728
010729
010730
010731
010732
010733
010734
010735
010736
010738
010739
010740
010741
010742
010746
010747
010748
010751
010752
010753
010756
010757
010758
010759
010761
010762
010763
010764
010767
010769
010770
010772
010774
010777
010778
010779
010781
010783
010784
010785
010786
010787
010789
010791
010795
010797
010798
010799
010800
010801
010803
010804
010805
010806
010807
010810
010812
010813
010814
010815
010816
010817
010818
010819
010820
010821
010822
010823
010824
010825
010826
010828
010829
010830
010832
010833
010834
010835
010836
010839
010842
010843
010844
010845
010846
010847
010848
010850
010851
010852
010853
010854
010857
010859
010860
010864
010867
010868
010869
010870
010871
010872
010873
010874
010875
010876
010877
010878
010879
010880
010881
010882
010883
010885
010886
010887
010888
010889
010890
010892
010893
010894
010896
010897
010898
010899
010900
010901
010902
010903
010904
010905
010906
010907
010910
010912
010913
010915
010916
010917
010919
010920
010921
010922
010923
010924
010925
010926
010929
010931
010932
010935
010938
010939
010940
010942
010943
010946
010948
010950
010951
010952
010953
010954
010955
010956
010957
010958
010960
010961
010963
010964
010965
010966
010967
010968
010969
010970
010972
010973
010974
010975
010977
010978
010980
010982
010983
010984
010986
010987
010988
010989
010990
010992
010993
010994
010995
010996
010998
010999
011000
011001
011003
011004
011005
011006
011007
011009
011010
011013
011014
011016
011018
011019
011020
011021
011023
011026
011027
011029
011032
011033
011034
011036
011038
011039
011040
011041
011042
011043
011044
011045
011047
011048
011052
011053
011054
011055
011056
011057
011060
011061
011062
011063
011064
011065
011066
011067
011068
011069
011070
011071
011072
011074
011075
011076
011078
011079
011081
011082
011083
011084
011085
011086
011087
011088
011089
011090
011091
011092
011094
011095
011096
011098
011099
011100
011101
011102
011103
011105
011106
011108
011109
011110
011111
011112
011113
011114
011116
011117
011120
011121
011123
011125
011127
011128
011129
011132
011133
011134
011135
011136
011137
011138
011139
011141
011142
011143
011144
011145
011146
011148
011149
011150
011151
011152
011153
011154
011155
011156
011157
011158
011159
011160
011163
011164
011165
011166
011168
011169
011170
011171
011172
011173
011175
011176
011177
011179
011184
011186
011187
011189
011190
011193
011194
011195
011197
011198
011200
011202
011203
011204
011205
011206
011207
011208
011209
011211
011213
011217
011218
011219
011220
011221
011222
011223
011225
011226
011229
011232
011233
011235
011236
011237
011240
011241
011243
011244
011246
011247
011249
011250
011251
011253
011254
011255
011256
011257
011259
011260
011262
011264
011265
011267
011268
011269
011271
011272
011273
011274
011276
011279
011280
011281
011282
011283
011284
011285
011286
011288
011290
011291
011292
011293
011294
011297
011298
011299
011301
011302
011305
011306
011307
011309
011310
011311
011312
011313
011314
011315
011316
011317
011318
011319
011320
011321
011323
011324
011325
011326
011327
011328
011329
011330
011332
011333
011336
011337
011339
011340
011341
011342
011343
011344
011347
011348
011349
011350
011351
011354
011356
011359
011360
011362
011363
011364
011366
011367
011369
011370
011371
011372
011376
011377
011378
011379
011380
011381
011383
011384
011385
011386
011388
011389
011391
011393
011397
011399
011400
011402
011403
011404
011405
011406
011407
011410
011412
011413
011414
011416
011417
011418
011421
011422
011423
011424
011425
011427
011429
011430
011432
011433
011434
011435
011436
011437
011438
011439
011440
011441
011443
011444
011446
011448
011449
011450
011452
011453
011455
011456
011458
011459
011461
011464
011466
011468
011472
011473
011475
011479
011480
011481
011484
011485
011486
011487
011488
011491
011492
011495
011497
011498
011499
011500
011501
011503
011506
011507
011508
011509
011510
011511
011513
011514
011515
011516
011518
011519
011520
011525
011527
011528
011530
011533
011535
011537
011538
011539
011540
011541
011542
011543
011546
011549
011550
011551
011552
011553
011554
011555
011556
011557
011558
011560
011563
011564
011565
011566
011567
011569
011571
011572
011573
011574
011575
011576
011577
011578
011581
011582
011583
011584
011585
011586
011587
011588
011590
011591
011592
011593
011594
011596
011598
011601
011602
011603
011604
011606
011607
011608
011609
011610
011611
011612
011613
011614
011616
011618
011619
011620
011621
011622
011625
011626
011627
011628
011629
011630
011631
011632
011635
011638
011640
011641
011643
011644
011645
011648
011649
011650
011651
011653
011654
011655
011656
011657
011658
011662
011664
011665
011666
011667
011668
011669
011670
011672
011673
011674
011675
011676
011678
011679
011680
011681
011682
011683
011684
011685
011686
011691
011692
011695
011696
011698
011699
011703
011704
011705
011707
011708
011709
011710
011711
011713
011714
011715
011717
011720
011721
011722
011723
011724
011725
011727
011729
011731
011732
011733
011734
011737
011741
011742
011743
011745
011748
011749
011751
011752
011754
011756
011757
011758
011759
011761
011762
011763
011765
011766
011767
011769
011770
011771
011773
011774
011777
011779
011780
011781
011782
011783
011784
011785
011787
011788
011792
011796
011797
011798
011799
011800
011801
011805
011806
011808
011809
011811
011812
011813
011814
011815
011816
011817
011818
011819
011820
011822
011823
011825
011827
011828
011829
011830
011834
011835
011836
011837
011839
011841
011842
011844
011848
011849
011850
011851
011853
011855
011856
011857
011858
011860
011862
011863
011864
011868
011870
011871
011874
011875
011876
011877
011878
011879
011880
011881
011882
011883
011884
011885
011886
011887
011891
011892
011893
011897
011898
011899
011901
011903
011906
011908
011909
011911
011912
011914
011916
011917
011919
011920
011923
011924
011928
011930
011932
011933
011935
011936
011937
011938
011939
011943
011944
011946
011947
011948
011949
011950
011951
011952
011953
011954
011956
011957
011960
011962
011963
011964
011966
011968
011970
011971
011972
011973
011974
011975
011976
011978
011980
011984
011985
011986
011987
011988
011990
011992
011993
011995
011998
012000
012001
012002
012005
012006
012007
012008
012009
012010
012011
012012
012013
012015
012016
012017
012018
012020
012021
012022
012023
012024
012029
012030
012031
012034
012035
012036
012037
012038
012040
012041
012042
012043
012044
012047
012049
012050
012051
012052
012057
012061
012062
012064
012065
012066
012070
012072
012073
012076
012078
012079
012080
012081
012082
012086
012087
012088
012090
012092
012093
012094
012096
012097
012099
012101
012102
012104
012105
012106
012107
012108
012109
012110
012111
012112
012113
012114
012115
012117
012118
012119
012120
012121
012122
012123
012124
012125
012126
012127
012128
012129
012131
012132
012133
012134
012136
012137
012139
012141
012142
012144
012145
012146
012147
012150
012151
012152
012153
012155
012156
012157
012158
012159
012161
012162
012163
012165
012167
012168
012169
012170
012173
012175
012176
012180
012181
012184
012185
012187
012188
012189
012194
012195
012196
012197
012198
012199
012200
012203
012204
012207
012208
012209
012210
012212
012214
012215
012217
012218
012219
012220
012223
012226
012227
012232
012235
012236
012237
012238
012239
012240
012241
012242
012243
012246
012247
012248
012250
012251
012252
012253
012254
012255
012256
012257
012259
012261
012262
012263
012264
012266
012271
012272
012275
012276
012282
012283
012285
012287
012291
012292
012293
012294
012297
012299
012300
012302
012303
012304
012306
012307
012308
012309
012310
012311
012312
012313
012314
012315
012316
012318
012320
012321
012324
012325
012327
012329
012330
012331
012332
012334
012336
012337
012340
012341
012343
012345
012346
012347
012348
012349
012350
012353
012354
012355
012359
012360
012361
012362
012365
012366
012367
012368
012371
012373
012377
012379
012381
012382
012383
012385
012386
012389
012391
012392
012393
012394
012395
012396
012399
012400
012401
012402
012403
012404
012405
012406
012407
012408
012411
012412
012413
012414
012415
012416
012417
012418
012419
012421
012422
012423
012424
012425
012426
012428
012432
012433
012434
012436
012437
012438
012442
012443
012444
012446
012448
012449
012451
012452
012453
012454
012455
012456
012457
012458
012460
012461
012463
012467
012468
012469
012471
012472
012473
012475
012476
012477
012478
012480
012481
012482
012483
012484
012486
012487
012488
012492
012494
012495
012497
012498
012499
012500
012501
012502
012503
012505
012506
012507
012508
012509
012510
012511
012512
012513
012514
012515
012516
012517
012519
012520
012522
012525
012526
012528
012529
012530
012531
012532
012533
012536
012537
012539
012540
012542
012543
012544
012545
012546
012547
012548
012549
012550
012551
012552
012553
012554
012555
012556
012557
012559
012561
012563
012565
012567
012568
012569
012571
012572
012573
012574
012576
012577
012578
012579
012580
012582
012584
012586
012587
012589
012592
012593
012594
012595
012596
012597
012598
012599
012600
012602
012603
012604
012609
012610
012611
012613
012614
012615
012617
012618
012619
012621
012622
012623
012624
012626
012627
012631
012633
012635
012636
012637
012638
012639
012641
012642
012644
012645
012646
012650
012651
012652
012653
012654
012655
012656
012657
012658
012659
012660
012661
012663
012667
012668
012669
012670
012672
012675
012676
012679
012680
012681
012682
012683
012684
012685
012686
012687
012691
012692
012693
012694
012695
012696
012698
012699
012700
012702
012707
012709
012711
012712
012714
012715
012716
012718
012719
012720
012721
012722
012723
012724
012726
012728
012729
012731
012734
012735
012736
012737
012738
012740
012742
012743
012744
012745
012746
012747
012748
012749
012750
012752
012753
012754
012756
012758
012759
012760
012763
012764
012765
012767
012770
012771
012772
012774
012775
012776
012777
012778
012779
012781
012783
012785
012786
012787
012788
012789
012790
012791
012792
012794
012795
012796
012797
012800
012801
012805
012806
012809
012810
012811
012812
012813
012814
012815
012816
012819
012821
012822
012825
012827
012830
012831
012833
012834
012835
012836
012837
012839
012840
012841
012842
012843
012844
012847
012848
012849
012850
012853
012854
012855
012856
012857
012858
012860
012862
012863
012866
012868
012870
012871
012872
012874
012875
012876
012877
012878
012880
012881
012883
012884
012885
012886
012888
012890
012891
012892
012893
012894
012895
012896
012897
012898
012900
012902
012904
012905
012906
012910
012912
012913
012914
012915
012916
012917
012918
012919
012921
012922
012924
012925
012930
012931
012934
012936
012937
012938
012940
012941
012942
012943
012944
012945
012946
012947
012948
012949
012951
012952
012954
012955
012956
012957
012958
012960
012961
012962
012964
012965
012966
012967
012968
012969
012971
012973
012975
012976
012977
012978
012979
012981
012982
012983
012984
012985
012986
012987
012988
012990
012991
012994
012995
012996
012997
012998
013003
013004
013005
013007
013008
013009
013012
013013
013015
013016
013017
013019
013020
013021
013022
013023
013024
013026
013027
013029
013030
013031
013032
013033
013037
013039
013041
013043
013044
013046
013047
013048
013049
013050
013051
013052
013053
013054
013055
013057
013059
013060
013061
013062
013063
013064
013065
013066
013068
013069
013070
013071
013072
013074
013075
013079
013080
013081
013084
013086
013089
013091
013092
013093
013094
013097
013098
013100
013101
013102
013103
013104
013105
013107
013109
013110
013112
013113
013114
013115
013117
013119
013121
013122
013123
013124
013125
013126
013127
013128
013129
013130
013134
013135
013136
013137
013138
013139
013141
013142
013143
013144
013145
013146
013148
013149
013150
013151
013152
013155
013156
013157
013159
013160
013162
013163
013164
013165
013167
013169
013170
013171
013172
013173
013174
013176
013177
013179
013181
013182
013184
013186
013187
013190
013191
013192
013195
013197
013198
013201
013204
013205
013206
013207
013208
013209
013210
013211
013212
013213
013214
013216
013217
013218
013219
013220
013221
013222
013227
013228
013231
013232
013233
013234
013235
013236
013238
013239
013240
013242
013243
013245
013246
013247
013248
013249
013250
013251
013253
013254
013255
013256
013259
013260
013261
013262
013263
013264
013265
013266
013268
013269
013270
013271
013272
013273
013274
013277
013278
013279
013282
013283
013284
013285
013286
013288
013291
013294
013296
013297
013298
013300
013302
013303
013304
013307
013308
013311
013312
013313
013314
013316
013319
013321
013322
013323
013324
013325
013326
013327
013329
013330
013332
013333
013334
013335
013336
013337
013338
013339
013340
013342
013343
013344
013346
013348
013349
013350
013351
013352
013353
013354
013355
013356
013357
013360
013361
013362
013364
013365
013367
013371
013372
013373
013377
013381
013382
013383
013384
013386
013387
013388
013389
013390
013391
013392
013394
013395
013396
013397
013398
013399
013400
013402
013405
013406
013408
013410
013411
013412
013413
013414
013415
013416
013418
013419
013420
013422
013423
013424
013425
013426
013427
013429
013430
013431
013432
013433
013436
013438
013440
013441
013442
013443
013445
013446
013447
013448
013449
013450
013452
013453
013454
013455
013457
013458
013459
013460
013461
013462
013463
013465
013468
013469
013470
013471
013472
013473
013474
013475
013476
013477
013478
013479
013482
013485
013486
013487
013488
013489
013490
013491
013494
013496
013497
013498
013499
013502
013505
013506
013507
013508
013509
013510
013511
013512
013513
013514
013515
013516
013517
013518
013520
013523
013524
013526
013528
013532
013535
013536
013539
013541
013542
013545
013547
013548
013549
013550
013551
013552
013553
013554
013556
013557
013558
013559
013560
013561
013562
013563
013564
013565
013566
013567
013569
013570
013571
013572
013573
013575
013576
013578
013579
013581
013582
013583
013584
013586
013587
013588
013590
013591
013592
013594
013595
013596
013597
013599
013600
013601
013602
013603
013604
013606
013607
013609
013610
013611
013612
013613
013614
013615
013617
013619
013620
013621
013625
013626
013627
013628
013629
013630
013631
013632
013633
013634
013635
013636
013637
013638
013639
013640
013641
013644
013645
013646
013647
013648
013650
013651
013652
013653
013654
013656
013658
013659
013660
013663
013665
013666
013668
013669
013670
013671
013672
013674
013675
013677
013679
013681
013682
013683
013687
013689
013690
013692
013693
013695
013696
013698
013699
013700
013701
013702
013706
013707
013708
013710
013711
013712
013713
013714
013715
013716
013717
013719
013720
013723
013727
013728
013729
013731
013732
013733
013735
013736
013737
013739
013740
013742
013743
013744
013745
013746
013749
013750
013751
013752
013753
013754
013757
013758
013759
013760
013764
013765
013767
013769
013770
013772
013773
013774
013775
013776
013780
013782
013783
013784
013785
013788
013789
013790
013791
013793
013794
013797
013798
013799
013800
013801
013802
013805
013806
013807
013809
013812
013813
013814
013815
013817
013821
013822
013823
013824
013825
013826
013827
013828
013829
013832
013833
013834
013835
013838
013841
013842
013843
013844
013845
013846
013848
013849
013851
013852
013854
013855
013856
013857
013858
013859
013860
013862
013863
013865
013866
013867
013868
013869
013874
013875
013877
013878
013879
013880
013884
013885
013886
013888
013890
013892
013894
013895
013898
013899
013900
013904
013906
013907
013909
013911
013912
013913
013914
013915
013916
013917
013919
013921
013922
013923
013924
013927
013928
013930
013931
013934
013935
013936
013937
013938
013939
013940
013941
013943
013945
013947
013950
013951
013953
013954
013956
013957
013958
013959
013963
013967
013969
013970
013972
013974
013976
013978
013979
013980
013981
013982
013983
013984
013986
013987
013988
013989
013990
013991
013992
013994
013995
013998
013999
014000
014001
014002
014003
014004
014006
014007
014008
014010
014011
014012
014014
014016
014019
014020
014021
014022
014024
014025
014026
014028
014029
014031
014033
014034
014035
014037
014038
014039
014040
014042
014044
014046
014048
014049
014051
014053
014054
014055
014057
014058
014059
014060
014062
014063
014064
014065
014068
014069
014070
014071
014072
014073
014074
014076
014077
014079
014080
014082
014083
014084
014085
014086
014087
014088
014089
014090
014092
014093
014095
014096
014097
014098
014100
014103
014104
014105
014106
014107
014109
014110
014111
014112
014114
014115
014116
014117
014118
014119
014120
014122
014123
014124
014126
014127
014129
014132
014134
014136
014137
014138
014139
014140
014141
014142
014143
014144
014145
014146
014147
014148
014149
014150
014151
014152
014153
014154
014155
014156
014157
014158
014160
014163
014164
014165
014166
014167
014168
014169
014170
014171
014172
014173
014174
014176
014178
014179
014180
014183
014184
014186
014189
014190
014191
014194
014196
014203
014204
014205
014206
014207
014210
014211
014215
014216
014217
014219
014220
014221
014222
014223
014224
014226
014227
014231
014232
014235
014236
014237
014240
014241
014242
014243
014244
014246
014247
014248
014249
014251
014252
014256
014257
014258
014259
014260
014261
014262
014263
014264
014265
014266
014268
014269
014270
014271
014273
014275
014277
014279
014281
014282
014286
014287
014288
014289
014290
014291
014294
014295
014296
014297
014301
014302
014303
014304
014305
014306
014307
014308
014309
014310
014311
014313
014315
014316
014317
014319
014322
014323
014324
014325
014326
014327
014328
014329
014330
014331
014333
014334
014335
014338
014339
014341
014342
014343
014344
014346
014349
014350
014351
014352
014353
014354
014355
014356
014358
014359
014360
014361
014362
014363
014364
014365
014367
014368
014369
014371
014372
014373
014375
014376
014378
014380
014381
014383
014384
014387
014388
014389
014391
014393
014394
014396
014397
014398
014399
014400
014401
014402
014403
014404
014405
014406
014407
014408
014409
014410
014411
014414
014415
014417
014419
014420
014422
014423
014424
014425
014426
014427
014429
014430
014432
014433
014434
014435
014436
014437
014438
014441
014442
014443
014444
014445
014446
014447
014448
014449
014450
014454
014455
014456
014457
014458
014459
014460
014461
014463
014465
014466
014467
014468
014470
014471
014473
014474
014477
014478
014479
014481
014482
014484
014486
014487
014488
014489
014492
014493
014494
014495
014496
014497
014498
014501
014502
014504
014505
014508
014511
014512
014514
014515
014516
014518
014520
014521
014523
014525
014526
014527
014529
014530
014531
014532
014534
014535
014536
014537
014538
014539
014540
014541
014542
014544
014545
014548
014549
014550
014551
014552
014553
014555
014556
014558
014559
014561
014562
014563
014564
014565
014566
014567
014569
014570
014572
014574
014576
014580
014582
014585
014587
014589
014590
014591
014593
014594
014595
014596
014598
014599
014600
014603
014604
014606
014607
014611
014612
014613
014614
M000002
M000003
M000004
M000005
M000006
M000007
M000008
M000009
M000010
M000012
M000014
M000015
M000016
M000017
M000018
M000020
M000023
M000024
M000025
M000027
M000028
M000029
M000031
M000032
M000033
M000034
M000035
M000037
M000038
M000040
M000041
M000042
M000044
M000045
M000046
M000047
M000049
M000051
M000052
M000054
M000056
M000057
M000059
M000060
M000062
M000065
M000068
M000069
M000070
M000074
M000075
M000078
M000079
M000080
M000081
M000082
M000083
M000084
M000087
M000089
M000090
M000093
M000096
M000097
M000098
M000100
M000101
M000102
M000103
M000105
M000108
M000109
M000110
M000112
M000113
M000116
M000117
M000120
M000122
M000123
M000124
M000125
M000126
M000128
M000132
M000134
M000135
M000138
M000140
M000141
M000142
M000144
M000145
M000146
M000148
M000149
M000151
M000154
M000156
M000157
M000158
M000161
M000162
M000163
M000164
M000165
M000168
M000169
M000171
M000172
M000173
M000175
M000180
M000183
M000184
M000186
M000187
M000191
M000197
M000199
M000202
M000203
M000206
M000209
M000210
M000211
M000212
M000216
M000218
M000219
M000221
M000223
M000224
M000225
M000227
M000228
M000232
M000234
M000237
M000238
M000240
M000243
M000244
M000247
M000252
M000255
M000256
M000257
M000258
M000260
M000261
M000262
M000264
M000267
M000269
M000271
M000272
M000275
M000277
M000278
M000279
M000281
M000282
M000283
M000284
M000286
M000287
M000288
M000291
M000292
M000295
M000298
M000301
M000303
M000305
M000308
M000309
M000312
M000314
M000315
M000316
M000317
M000318
M000322
M000323
M000325
M000328
M000329
M000332
M000334
M000335
M000336
M000340
M000342
M000345
M000346
M000349
M000353
M000355
M000356
M000357
M000359
M000360
M000361
M000362
M000364
M000365
M000366
M000367
M000368
M000370
M000373
M000375
M000376
M000377
M000378
M000380
M000381
M000382
M000387
M000388
M000390
M000392
M000393
M000395
M000396
M000399
M000401
M000402
M000404
M000406
M000408
M000410
M000411
M000412
M000413
M000414
M000415
M000416
M000420
M000422
M000425
M000426
M000427
M000428
M000430
M000431
M000432
M000433
M000434
M000435
M000436
M000437
M000438
M000440
M000441
M000444
M000446
M000449
M000450
M000451
M000452
M000453
M000454
M000455
M000456
M000457
M000458
M000459
M000461
M000462
M000463
M000465
M000468
M000470
M000471
M000473
M000477
M000479
M000480
M000481
M000483
M000485
M000489
M000491
M000492
M000493
M000494
M000495
M000496
M000498
M000500
M000501
M000502
M000503
M000505
M000506
M000508
M000509
M000510
M000511
M000514
M000515
M000516
M000517
M000518
M000520
M000521
M000522
M000524
M000525
M000527
M000530
M000532
M000533
M000535
M000536
M000537
M000538
M000539
M000540
M000541
M000542
M000544
M000545
M000546
M000547
M000549
M000550
M000554
M000555
M000557
M000558
M000561
M000563
M000564
M000568
M000569
M000570
M000572
M000573
M000574
M000575
M000577
M000581
M000587
M000588
M000589
M000590
M000591
M000592
M000593
M000594
M000595
M000598
M000599
M000602
M000603
M000604
M000605
M000606
M000608
M000610
M000614
M000615
M000616
M000617
M000618
M000619
M000620
M000621
M000622
M000623
M000624
M000625
M000626
M000627
M000630
M000631
M000635
M000637
M000639
M000641
M000643
M000644
M000645
M000647
M000648
M000649
M000652
M000653
M000654
M000655
M000656
M000657
M000662
M000667
M000668
M000670
M000671
M000674
M000675
M000676
M000682
M000683
M000684
M000685
M000686
M000689
M000690
M000691
M000692
M000693
M000694
M000698
M000701
M000705
M000707
M000709
M000711
M000712
M000713
M000716
M000718
M000721
M000722
M000725
M000726
M000728
M000731
M000732
M000733
M000736
M000738
M000739
M000741
M000743
M000752
M000754
M000756
M000757
M000760
M000761
M000762
M000764
M000765
M000766
M000767
M000768
M000769
M000770
M000771
M000772
M000773
M000776
M000777
M000778
M000779
M000782
M000783
M000784
M000785
M000788
M000789
M000790
M000793
M000794
M000795
M000796
M000797
M000798
M000799
M000800
M000801
M000802
M000804
M000805
M000806
M000807
M000809
M000814
M000817
M000821
M000822
M000826
M000828
M000829
M000830
M000831
M000832
M000833
M000834
M000835
M000836
M000838
M000840
M000841
M000842
M000844
M000845
M000846
M000849
M000850
M000854
M000855
M000857
M000858
M000859
M000860
M000861
M000863
M000864
M000866
M000867
M000869
M000873
M000874
M000875
M000877
M000878
M000879
M000880
M000881
M000882
M000883
M000885
M000888
M000890
M000892
M000893
M000894
M000897
M000899
M000906
M000910
M000911
M000912
M000914
M000915
M000916
M000917
M000919
M000920
M000922
M000924
M000925
M000927
M000928
M000929
M000932
M000933
M000936
M000938
M000941
M000942
M000945
M000946
M000947
M000950
M000952
M000953
M000956
M000958
M000960
M000962
M000963
M000968
M000970
M000975
M000977
M000978
M000980
M000981
M000982
M000984
M000988
M000991
M000992
M000993
M000994
M000995
M000996
M000997
M000999
M001000
M001001
M001002
M001004
M001006
M001007
M001010
M001011
M001012
M001013
M001015
M001016
M001017
M001018
M001019
M001021
M001023
M001025
M001027
M001028
M001030
M001032
M001033
M001035
M001036
M001037
M001039
M001040
M001044
M001045
M001048
M001049
M001050
M001051
M001053
M001054
M001055
M001056
M001057
M001061
M001062
M001063
M001064
M001065
M001068
M001069
M001070
M001071
M001073
M001074
M001077
M001079
M001080
M001081
M001084
M001087
M001088
M001089
M001091
M001092
M001093
M001094
M001096
M001097
M001098
M001099
M001103
M001104
M001105
M001107
M001108
M001109
M001111
M001112
M001114
M001115
M001116
M001119
M001121
M001122
M001123
M001124
M001126
M001127
M001130
M001131
M001132
M001134
M001136
M001137
M001138
M001139
M001140
M001141
M001142
M001143
M001144
M001145
M001146
M001147
M001151
M001154
M001157
M001158
M001159
M001162
M001163
M001164
M001166
M001167
M001173
M001174
M001175
M001178
M001180
M001181
M001183
M001184
M001185
M001186
M001187
M001190
M001192
M001195
M001196
M001197
M001199
M001200
M001205
M001207
M001208
M001210
M001212
M001213
M001216
M001217
M001221
M001222
M001223
M001224
M001227
M001229
M001230
M001231
M001232
M001233
M001235
M001236
M001237
M001238
M001239
M001240
M001242
M001243
M001245
M001246
M001247
M001251
M001252
M001253
M001254
M001255
M001257
M001265
M001266
M001267
M001268
M001269
M001271
M001274
M001284
M001287
M001288
M001289
M001290
M001291
M001293
M001294
M001295
M001297
M001299
M001300
M001301
M001302
M001304
M001305
M001306
M001308
M001310
M001311
M001312
M001314
M001316
M001318
M001319
M001321
M001322
M001324
M001325
M001334
M001336
M001337
M001338
M001339
M001340
M001341
M001342
M001344
M001346
M001348
M001350
M001351
M001353
M001354
M001355
M001357
M001358
M001360
M001362
M001364
M001367
M001371
M001372
M001373
M001374
M001376
M001378
M001379
M001382
M001383
M001386
M001387
M001388
M001390
M001391
M001392
M001393
M001394
M001397
M001399
M001400
M001401
M001402
M001403
M001409
M001410
M001415
M001416
M001417
M001421
M001422
M001423
M001424
M001426
M001427
M001430
M001431
M001433
M001434
M001439
M001442
M001443
M001445
M001447
M001451
M001455
M001456
M001459
M001460
M001461
M001462
M001464
M001465
M001466
M001468
M001470
M001472
M001474
M001475
M001476
M001477
M001478
M001479
M001480
M001481
M001482
M001484
M001487
M001489
M001490
M001491
M001492
M001493
M001495
M001496
M001497
M001499
M001501
M001502
M001503
M001506
M001507
M001509
M001510
M001511
M001513
M001514
M001515
M001518
M001519
M001522
M001524
M001525
M001528
M001529
M001530
M001532
M001536
M001537
M001539
M001540
M001542
M001543
M001544
M001545
M001547
M001549
M001550
M001553
M001555
M001557
M001558
M001559
M001560
M001561
M001563
M001564
M001566
M001569
M001571
M001573
M001575
M001576
M001581
M001582
M001584
M001586
M001587
M001590
M001593
M001594
M001595
M001597
M001599
M001600
M001601
M001605
M001606
M001607
M001608
M001610
M001611
M001612
M001615
M001616
M001618
M001619
M001620
M001621
M001622
M001623
M001625
M001626
M001627
M001630
M001631
M001635
M001638
M001639
M001641
M001643
M001644
M001645
M001646
M001649
M001651
M001652
M001653
M001654
M001655
M001656
M001657
M001658
M001659
M001660
M001661
M001662
M001666
M001667
M001668
M001669
M001670
M001671
M001673
M001674
M001677
M001679
M001681
M001683
M001684
M001685
M001686
M001687
M001688
M001689
M001690
M001693
M001694
M001696
M001697
M001699
M001700
M001702
M001703
M001704
M001706
M001707
M001708
M001709
M001710
M001714
M001715
M001716
M001717
M001719
M001720
M001724
M001726
M001727
M001728
M001729
M001731
M001733
M001734
M001737
M001739
M001740
M001741
M001742
M001744
M001746
M001748
M001749
M001750
M001751
M001753
M001754
M001756
M001761
M001762
M001763
M001764
M001765
M001766
M001767
M001769
M001773
M001774
M001777
M001779
M001780
M001784
M001785
M001786
M001787
M001788
M001790
M001791
M001792
M001793
M001794
M001795
M001796
M001798
M001799
M001800
M001802
M001803
M001804
M001805
M001807
M001809
M001811
M001812
M001813
M001814
M001815
M001818
M001819
M001820
M001822
M001823
M001824
M001825
M001826
M001827
M001828
M001829
M001830
M001831
M001838
M001839
M001841
M001842
M001845
M001847
M001849
M001852
M001853
M001854
M001855
M001857
M001858
M001860
M001862
M001863
M001864
M001865
M001866
M001867
M001868
M001871
M001872
M001875
M001876
M001877
M001878
M001879
M001881
M001883
M001886
M001887
M001889
M001890
M001891
M001892
M001893
M001894
M001895
M001899
M001900
M001901
M001902
M001904
M001907
M001908
M001909
M001911
M001912
M001913
M001914
M001915
M001916
M001918
M001921
M001923
M001924
M001925
M001927
M001928
M001930
M001932
M001933
M001934
M001937
M001938
M001940
M001943
M001944
M001946
M001947
M001949
M001951
M001953
M001954
M001956
M001959
M001960
M001962
M001964
M001965
M001967
M001968
M001971
M001972
M001973
M001974
M001977
M001978
M001982
M001984
M001985
M001986
M001987
M001988
M001989
M001990
M001991
M001992
M001993
M001994
M001995
M001996
M001998
M002003
M002004
M002005
M002007
M002010
M002011
M002012
M002014
M002015
M002016
M002018
M002020
M002021
M002022
M002023
M002025
M002026
M002028
M002029
M002030
M002031
M002032
M002033
M002035
M002036
M002037
M002038
M002039
M002040
M002041
M002044
M002046
M002047
M002050
M002051
M002052
M002053
M002054
M002056
M002057
M002059
M002060
M002061
M002062
M002064
M002065
M002066
M002071
M002073
M002075
M002076
M002077
M002080
M002081
M002082
M002083
M002084
M002085
M002086
M002089
M002090
M002092
M002095
M002096
M002097
M002098
M002099
M002100
M002101
M002102
M002105
M002107
M002109
M002110
M002111
M002112
M002114
M002115
M002116
M002117
M002118
M002119
M002121
M002123
M002124
M002126
M002127
M002128
M002130
M002131
M002135
M002136
M002137
M002141
M002142
M002143
M002144
M002146
M002147
M002148
M002150
M002151
M002153
M002154
M002156
M002157
M002159
M002161
M002164
M002165
M002166
M002167
M002169
M002170
M002172
M002174
M002175
M002177
M002179
M002181
M002185
M002186
M002187
M002189
M002190
M002193
M002195
M002196
M002197
M002198
M002199
M002202
M002203
M002204
M002205
M002207
M002208
M002210
M002211
M002212
M002214
M002216
M002219
M002220
M002221
M002224
M002225
M002228
M002229
M002230
M002232
M002233
M002237
M002243
M002244
M002248
M002249
M002251
M002254
M002255
M002257
M002258
M002260
M002261
M002264
M002265
M002267
M002269
M002270
M002271
M002273
M002274
M002275
M002279
M002281
M002282
M002283
M002284
M002285
M002286
M002287
M002288
M002289
M002290
M002291
M002293
M002294
M002295
M002297
M002299
M002300
M002303
M002306
M002307
M002308
M002309
M002311
M002314
M002316
M002319
M002322
M002324
M002325
M002326
M002328
M002329
M002330
M002331
M002333
M002335
M002336
M002338
M002339
M002340
M002341
M002342
M002343
M002344
M002347
M002348
M002349
M002350
M002351
M002354
M002355
M002356
M002358
M002359
M002360
M002362
M002366
M002367
M002368
M002369
M002370
M002372
M002373
M002374
M002375
M002376
M002378
M002379
M002380
M002381
M002384
M002387
M002390
M002394
M002395
M002401
M002402
M002405
M002408
M002409
M002410
M002412
M002413
M002414
M002415
M002417
M002418
M002419
M002420
M002422
M002423
M002424
M002425
M002427
M002428
M002429
M002431
M002432
M002433
M002434
M002437
M002438
M002439
M002440
M002441
M002442
M002443
M002444
M002446
M002447
M002448
M002450
M002452
M002454
M002455
M002456
M002457
M002462
M002463
M002464
M002465
M002467
M002469
M002476
M002484
M002487
M002488
M002489
M002490
M002493
M002494
M002496
M002497
M002499
M002500
M002501
M002504
M002505
M002507
M002508
M002509
M002510
M002511
M002512
M002515
M002516
M002519
M002520
M002521
M002524
M002525
M002526
M002527
M002528
M002529
M002532
M002533
M002534
M002536
M002538
M002540
M002541
M002543
M002546
M002547
M002548
M002549
M002551
M002553
M002554
M002555
M002556
M002558
M002559
M002561
M002563
M002564
M002565
M002566
M002567
M002568
M002569
M002570
M002575
M002576
M002577
M002579
M002580
M002581
M002588
M002590
M002592
M002594
M002595
M002596
M002598
M002599
M002600
M002601
M002605
M002607
M002608
M002610
M002612
M002613
M002614
M002615
M002616
M002617
M002620
M002622
M002623
M002624
M002625
M002629
M002632
M002633
M002634
M002636
M002637
M002638
M002643
M002644
M002646
M002652
M002653
M002654
M002655
M002657
M002659
M002660
M002663
M002664
M002666
M002667
M002669
M002674
M002675
M002676
M002677
M002678
M002679
M002680
M002682
M002687
M002688
M002689
M002690
M002692
M002693
M002694
M002695
M002696
M002697
M002698
M002700
M002702
M002703
M002704
M002705
M002706
M002708
M002710
M002711
M002713
M002715
M002716
M002723
M002724
M002727
M002728
M002731
M002732
M002736
M002737
M002738
M002739
M002740
M002742
M002743
M002744
M002745
M002751
M002752
M002756
M002757
M002758
M002759
M002760
M002762
M002763
M002767
M002768
M002773
M002774
M002775
M002776
M002777
M002780
M002782
M002783
M002785
M002788
M002790
M002791
M002792
M002793
M002794
M002796
M002801
M002802
M002803
M002804
M002805
M002806
M002807
M002809
M002812
M002813
M002815
M002816
M002817
M002819
M002821
M002822
M002825
M002826
M002827
M002828
M002829
M002830
M002831
M002832
M002833
M002834
M002835
M002836
M002837
M002838
M002840
M002841
M002845
M002846
M002847
M002849
M002850
M002851
M002853
M002854
M002855
M002857
M002859
M002860
M002863
M002864
M002865
M002866
M002867
M002871
M002872
M002873
M002874
M002877
M002878
M002882
M002883
M002884
M002885
M002890
M002891
M002892
M002893
M002894
M002895
M002901
M002902
M002903
M002904
M002905
M002906
M002908
M002909
M002911
M002912
M002913
M002914
M002915
M002916
M002921
M002923
M002924
M002925
M002926
M002927
M002933
M002935
M002936
M002937
M002938
M002940
M002941
M002942
M002945
M002946
M002947
M002949
M002952
M002953
M002955
M002956
M002958
M002959
M002960
M002962
M002963
M002964
M002965
M002966
M002967
M002968
M002970
M002971
M002972
M002973
M002974
M002978
M002980
M002981
M002984
M002985
M002986
M002988
M002989
M002990
M002992
M002993
M002994
M002998
M003001
M003002
M003003
M003004
M003006
M003007
M003008
M003009
M003010
M003015
M003018
M003019
M003024
M003025
M003028
M003029
M003033
M003034
M003035
M003036
M003037
M003038
M003040
M003041
M003042
M003047
M003048
M003049
M003052
M003054
M003055
M003056
M003057
M003058
M003059
M003060
M003064
M003065
M003066
M003067
M003068
M003072
M003073
M003075
M003076
M003078
M003080
M003081
M003084
M003085
M003086
M003087
M003088
M003089
M003090
M003091
M003093
M003094
M003096
M003100
M003101
M003103
M003106
M003107
M003110
M003113
M003115
M003117
M003118
M003120
M003121
M003122
M003123
M003124
M003126
M003127
M003130
M003132
M003133
M003134
M003135
M003143
M003144
M003146
M003147
M003150
M003152
M003153
M003155
M003156
M003157
M003158
M003159
M003161
M003162
M003163
M003165
M003166
M003168
M003169
M003170
M003172
M003175
M003176
M003177
M003180
M003182
M003183
M003184
M003186
M003187
M003188
M003189
M003192
M003194
M003197
M003200
M003201
M003203
M003204
M003205
M003207
M003208
M003210
M003211
M003212
M003213
M003214
M003215
M003217
M003218
M003220
M003221
M003222
M003223
M003225
M003228
M003229
M003232
M003234
M003236
M003237
M003238
M003239
M003240
M003241
M003242
M003243
M003246
M003247
M003248
M003249
M003250
M003251
M003252
M003253
M003254
M003256
M003257
M003259
M003260
M003261
M003262
M003264
M003266
M003270
M003271
M003272
M003273
M003274
M003276
M003277
M003280
M003281
M003283
M003284
M003286
M003287
M003288
M003290
M003292
M003293
M003294
M003295
M003296
M003297
M003298
M003299
M003300
M003303
M003304
M003306
M003307
M003308
M003310
M003311
M003313
M003314
M003315
M003318
M003319
M003320
M003322
M003323
M003324
M003326
M003327
M003328
M003329
M003332
M003333
M003334
M003336
M003341
M003343
M003345
M003346
M003347
M003353
M003356
M003358
M003360
M003362
M003366
M003367
M003368
M003369
M003370
M003372
M003374
M003375
M003376
M003378
M003380
M003381
M003384
M003385
M003387
M003388
M003389
M003395
M003396
M003397
M003399
M003401
M003403
M003404
M003405
M003406
M003407
M003408
M003409
M003410
M003412
M003413
M003414
M003416
M003417
M003418
M003419
M003421
M003425
M003426
M003427
M003428
M003431
M003435
M003436
M003438
M003442
M003443
M003444
M003446
M003447
M003448
M003451
M003453
M003454
M003455
M003456
M003458
M003459
M003461
M003464
M003466
M003469
M003470
M003471
M003473
M003474
M003475
M003478
M003479
M003484
M003485
M003487
M003488
M003489
M003490
M003492
M003495
M003496
M003497
M003500
M003501
M003502
M003504
M003505
M003506
M003508
M003509
M003511
M003513
M003516
M003517
M003518
M003519
M003520
M003523
M003524
M003525
M003526
M003527
M003529
M003530
M003532
M003533
M003534
M003535
M003536
M003538
M003543
M003544
M003548
M003549
M003550
M003551
M003552
M003553
M003554
M003556
M003557
M003558
M003559
M003561
M003562
M003563
M003564
M003565
M003568
M003572
M003574
M003576
M003579
M003580
M003585
M003586
M003587
M003588
M003590
M003597
M003598
M003599
M003600
M003601
M003604
M003605
M003606
M003607
M003608
M003611
M003612
M003616
M003617
M003619
M003620
M003621
M003622
M003623
M003624
M003626
M003627
M003628
M003630
M003631
M003632
M003633
M003635
M003636
M003637
M003639
M003640
M003641
M003643
M003644
M003646
M003647
M003648
M003652
M003654
M003655
M003658
M003660
M003661
M003665
M003668
M003670
M003672
M003673
M003674
M003675
M003676
M003679
M003680
M003681
M003682
M003684
M003686
M003687
M003690
M003693
M003697
M003699
M003700
M003701
M003707
M003709
M003713
M003714
M003715
M003716
M003717
M003718
M003719
M003722
M003724
M003725
M003726
M003732
M003733
M003734
M003737
M003738
M003741
M003744
M003745
M003746
M003747
M003750
M003753
M003754
M003756
M003757
M003758
M003760
M003767
M003768
M003769
M003770
M003772
M003773
M003774
M003775
M003777
M003778
M003781
M003786
M003787
M003788
M003789
M003791
M003793
M003794
M003795
M003796
M003797
M003798
M003799
M003801
M003802
M003804
M003805
M003808
M003810
M003813
M003815
M003816
M003819
M003821
M003822
M003824
M003825
M003829
M003830
M003832
M003834
M003836
M003838
M003839
M003840
M003841
M003843
M003845
M003847
M003848
M003850
M003851
M003852
M003853
M003855
M003856
M003860
M003864
M003865
M003867
M003870
M003871
M003872
M003874
M003875
M003876
M003880
M003882
M003883
M003884
M003885
M003887
M003889
M003890
M003891
M003893
M003894
M003896
M003898
M003899
M003906
M003907
M003908
M003909
M003911
M003912
M003913
M003914
M003915
M003917
M003918
M003919
M003920
M003922
M003923
M003924
M003925
M003927
M003929
M003931
M003932
M003933
M003935
M003936
M003938
M003939
M003940
M003943
M003944
M003945
M003946
M003947
M003950
M003951
M003952
M003953
M003955
M003957
M003960
M003961
M003963
M003965
M003968
M003969
M003970
M003971
M003972
M003975
M003976
M003977
M003978
M003979
M003980
M003982
M003984
M003985
M003988
M003989
M003990
M003993
M003995
M003996
M003998
M003999
M004000
M004002
M004003
M004004
M004006
M004013
M004014
M004016
M004017
M004018
M004019
M004022
M004023
M004024
M004025
M004026
M004027
M004028
M004029
M004030
M004031
M004032
M004035
M004038
M004041
M004044
M004046
M004047
M004049
M004051
M004053
M004056
M004057
M004058
M004059
M004060
M004061
M004062
M004064
M004065
M004069
M004070
M004071
M004072
M004074
M004076
M004077
M004079
M004080
M004086
M004087
M004091
M004092
M004093
M004099
M004100
M004101
M004103
M004104
M004106
M004107
M004109
M004111
M004112
M004113
M004114
M004121
M004125
M004126
M004130
M004131
M004132
M004135
M004136
M004137
M004139
M004140
M004141
M004142
M004143
M004144
M004145
M004147
M004148
M004149
M004150
M004151
M004156
M004160
M004162
M004168
M004169
M004172
M004174
M004175
M004178
M004179
M004182
M004184
M004187
M004188
M004190
M004191
M004193
M004194
M004196
M004197
M004198
M004199
M004200
M004201
M004202
M004204
M004205
M004207
M004208
M004209
M004210
M004212
M004213
M004214
M004215
M004217
M004218
M004219
M004220
M004221
M004225
M004226
M004227
M004228
M004229
M004230
M004232
M004233
M004234
M004236
M004237
M004239
M004242
M004244
M004245
M004246
M004247
M004248
M004249
M004251
M004252
M004253
M004254
M004255
M004257
M004259
M004263
M004266
M004269
M004274
M004277
M004279
M004280
M004282
M004283
M004286
M004288
M004289
M004291
M004295
M004298
M004300
M004305
M004306
M004309
M004310
M004312
M004314
M004315
M004316
M004323
M004324
M004325
M004326
M004328
M004329
M004330
M004334
M004337
M004339
M004341
M004343
M004347
M004348
M004349
M004351
M004352
M004353
M004356
M004358
M004359
M004360
M004367
M004369
M004371
M004372
M004373
M004374
M004376
M004378
M004379
M004380
M004381
M004383
M004384
M004385
M004386
M004387
M004389
M004393
M004395
M004396
M004400
M004401
M004402
M004403
M004404
M004405
M004408
M004409
M004410
M004415
M004416
M004418
M004420
M004421
M004423
M004425
M004426
M004427
M004429
M004430
M004431
M004434
M004435
M004436
M004440
M004441
M004445
M004448
M004451
M004452
M004453
M004457
M004459
M004460
M004463
M004466
M004470
M004471
M004475
M004476
M004478
M004479
M004481
M004482
M004483
M004484
M004485
M004487
M004489
M004491
M004493
M004494
M004496
M004497
M004498
M004500
M004501
M004502
M004503
M004505
M004506
M004507
M004508
M004510
M004511
M004512
M004513
M004515
M004516
M004519
M004520
M004523
M004524
M004525
M004526
M004528
M004529
M004531
M004532
M004534
M004535
M004536
M004537
M004538
M004539
M004541
M004542
M004543
M004548
M004549
M004554
M004558
M004559
M004563
M004564
M004566
M004567
M004569
M004571
M004572
M004575
M004576
M004577
M004578
M004580
M004581
M004582
M004583
M004588
M004589
M004592
M004593
M004594
M004595
M004597
M004598
M004600
M004603
M004604
M004607
M004609
M004610
M004611
M004612
M004613
M004614
M004620
M004626
M004627
M004628
M004629
M004632
M004635
M004636
M004639
M004640
M004641
M004643
M004648
M004649
M004650
M004651
M004653
M004655
M004657
M004658
M004659
M004660
M004661
M004663
M004664
M004666
M004669
M004670
M004671
M004673
M004675
M004682
M004683
M004686
M004687
M004692
M004694
M004696
M004697
M004699
M004704
M004705
M004710
M004711
M004712
M004713
M004714
M004716
M004717
M004721
M004722
M004723
M004725
M004726
M004728
M004729
M004730
M004731
M004732
M004737
M004738
M004739
M004741
M004743
M004744
M004746
M004747
M004750
M004751
M004752
M004753
M004755
M004757
M004760
M004761
M004762
M004764
M004765
M004766
M004768
M004769
M004770
M004771
M004772
M004774
M004775
M004777
M004780
M004781
M004782
M004783
M004785
M004786
M004787
M004788
M004791
M004792
M004795
M004797
M004801
M004802
M004803
M004804
M004805
M004806
M004809
M004812
M004813
M004814
M004815
M004816
M004821
M004824
M004827
M004828
M004829
M004830
M004831
M004832
M004833
M004834
M004835
M004836
M004838
M004839
M004840
M004842
M004845
M004846
M004847
M004848
M004849
M004850
M004855
M004857
M004858
M004859
M004860
M004861
M004862
M004866
M004871
M004874
M004875
M004878
M004880
M004885
M004886
M004887
M004888
M004889
M004890
M004891
M004892
M004893
M004894
M004895
M004896
M004897
M004900
M004901
M004902
M004903
M004905
M004907
M004908
M004909
M004911
M004914
M004915
M004916
M004917
M004918
M004920
M004921
M004922
M004923
M004926
M004927
M004928
M004929
M004935
M004936
M004937
M004938
M004939
M004941
M004944
M004946
M004949
M004950
M004951
M004955
M004956
M004958
M004961
M004963
M004967
M004969
M004970
M004974
M004976
M004978
M004979
M004980
M004981
M004982
M004986
M004987
M004989
M004990
M004992
M004993
M004994
M004998
M004999
M005000
M005001
M005002
M005003
M005006
M005010
M005011
M005013
M005014
M005015
M005016
M005017
M005018
M005019
M005020
M005022
M005023
M005025
M005027
M005028
M005029
M005030
M005032
M005034
M005036
M005042
M005047
M005053
M005055
M005056
M005058
M005059
M005060
M005063
M005066
M005067
M005068
M005071
M005073
M005076
M005078
M005079
M005080
M005081
M005083
M005085
M005086
M005089
M005091
M005093
M005094
M005095
M005099
M005100
M005101
M005102
M005103
M005104
M005105
M005107
M005108
M005109
M005112
M005113
M005115
M005122
M005123
M005125
M005126
M005127
M005128
M005129
M005130
M005131
M005132
M005133
M005134
M005135
M005136
M005137
M005138
M005140
M005143
M005144
M005145
M005148
M005149
M005155
M005157
M005158
M005159
M005161
M005162
M005164
M005165
M005167
M005168
M005170
M005171
M005172
M005176
M005177
M005179
M005182
M005183
M005185
M005186
M005187
M005191
M005192
M005193
M005194
M005196
M005198
M005200
M005201
M005203
M005204
M005205
M005206
M005207
M005208
M005209
M005210
M005211
M005212
M005215
M005216
M005220
M005222
M005223
M005224
M005227
M005228
M005231
M005233
M005234
M005236
M005237
M005238
M005239
M005241
M005243
M005244
M005245
M005246
M005247
M005251
M005253
M005257
M005258
M005259
M005260
M005261
M005262
M005263
M005265
M005269
M005272
M005276
M005279
M005280
M005281
M005282
M005284
M005286
M005287
M005288
M005290
M005291
M005292
M005293
M005294
M005295
M005297
M005299
M005301
M005302
M005303
M005304
M005305
M005307
M005309
M005311
M005313
M005315
M005316
M005317
M005319
M005320
M005322
M005326
M005327
M005329
M005330
M005331
M005332
M005333
M005334
M005336
M005337
M005340
M005341
M005342
M005343
M005345
M005346
M005348
M005349
M005350
M005353
M005354
M005355
M005357
M005359
M005360
M005362
M005363
M005365
M005366
M005369
M005370
M005374
M005379
M005380
M005381
M005382
M005383
M005385
M005386
M005387
M005388
M005389
M005390
M005391
M005392
M005394
M005395
M005400
M005403
M005405
M005406
M005408
M005409
M005410
M005411
M005412
M005417
M005418
M005421
M005422
M005423
M005424
M005426
M005427
M005428
M005429
M005430
M005431
M005432
M005436
M005437
M005438
M005440
M005441
M005447
M005448
M005449
M005450
M005452
M005454
M005455
M005462
M005463
M005464
M005466
M005467
M005470
M005473
M005475
M005476
M005482
M005484
M005487
M005488
M005489
M005490
M005491
M005493
M005494
M005495
M005496
M005497
M005499
M005500
M005502
M005505
M005507
M005508
M005510
M005511
M005512
M005513
M005517
M005518
M005520
M005521
M005523
M005527
M005528
M005532
M005533
M005534
M005535
M005536
M005539
M005541
M005543
M005545
M005546
M005547
M005548
M005549
M005551
M005552
M005553
M005554
M005556
M005559
M005560
M005563
M005564
M005565
M005569
M005570
M005571
M005572
M005575
M005576
M005580
M005581
M005582
M005585
M005586
M005588
M005591
M005594
M005595
M005597
M005598
M005599
M005600
M005601
M005602
M005603
M005604
M005606
M005608
M005611
M005612
M005613
M005615
M005616
M005618
M005620
M005622
M005626
M005630
M005631
M005633
M005635
M005640
M005641
M005642
M005643
M005644
M005647
M005649
M005653
M005655
M005656
M005657
M005658
M005660
M005661
M005662
M005664
M005667
M005670
M005677
M005678
M005679
M005680
M005682
M005683
M005684
M005685
M005687
M005688
M005689
M005690
M005692
M005693
M005696
M005699
M005701
M005703
M005708
M005709
M005710
M005711
M005716
M005717
M005718
M005719
M005720
M005721
M005723
M005724
M005730
M005732
M005733
M005734
M005735
M005736
M005738
M005739
M005742
M005750
M005752
M005754
M005755
M005757
M005758
M005760
M005762
M005763
M005765
M005766
M005767
M005768
M005769
M005770
M005774
M005775
M005776
M005777
M005779
M005780
M005781
M005783
M005784
M005786
M005788
M005789
M005791
M005792
M005794
M005795
M005796
M005798
M005800
M005801
M005804
M005806
M005807
M005808
M005809
M005811
M005815
M005816
M005819
M005820
M005823
M005825
M005827
M005828
M005830
M005832
M005834
M005835
M005839
M005840
M005841
M005842
M005843
M005844
M005845
M005846
M005847
M005848
M005850
M005853
M005855
M005856
M005857
M005858
M005860
M005861
M005865
M005866
M005867
M005868
M005870
M005872
M005873
M005874
M005875
M005876
M005877
M005879
M005880
M005881
M005882
M005883
M005884
M005887
M005888
M005893
M005894
M005895
M005896
M005897
M005898
M005899
M005900
M005902
M005903
M005905
M005906
M005907
M005908
M005909
M005910
M005911
M005912
M005913
M005914
M005915
M005916
M005918
M005921
M005923
M005924
M005926
M005927
M005929
M005934
M005936
M005938
M005940
M005941
M005942
M005943
M005944
M005945
M005947
M005949
M005950
M005952
M005953
M005958
M005959
M005961
M005962
M005963
M005964
M005965
M005967
M005969
M005970
M005971
M005972
M005973
M005975
M005976
M005980
M005982
M005984
M005985
M005986
M005988
M005990
M005992
M005993
M005994
M005995
M005996
M005998
M006000
M006001
M006002
M006008
M006009
M006010
M006011
M006012
M006013
M006015
M006016
M006018
M006023
M006026
M006027
M006029
M006030
M006035
M006037
M006038
M006040
M006042
M006043
M006046
M006047
M006048
M006049
M006050
M006054
M006056
M006057
M006059
M006060
M006062
M006063
M006064
M006066
M006067
M006069
M006070
M006071
M006073
M006075
M006076
M006077
M006078
M006079
M006080
M006081
M006082
M006083
M006084
M006085
M006086
M006087
M006088
M006090
M006092
M006093
M006094
M006097
M006098
M006099
M006100
M006102
M006103
M006104
M006105
M006107
M006108
M006110
M006111
M006112
M006113
M006114
M006115
M006119
M006122
M006125
M006126
M006128
M006130
M006131
M006134
M006135
M006136
M006140
M006143
M006146
M006147
M006148
M006149
M006150
M006151
M006153
M006156
M006157
M006158
M006159
M006160
M006161
M006162
M006164
M006166
M006167
M006168
M006169
M006170
M006173
M006174
M006175
M006176
M006184
M006187
M006189
M006190
M006191
M006193
M006194
M006196
M006197
M006198
M006200
M006202
M006207
M006208
M006209
M006211
M006218
M006219
M006220
M006222
M006223
M006224
M006225
M006227
M006228
M006229
M006230
M006231
M006234
M006237
M006239
M006240
M006243
M006248
M006254
M006256
M006259
M006261
M006262
M006264
M006265
M006266
M006268
M006270
M006271
M006273
M006274
M006275
M006277
M006280
M006282
M006283
M006284
M006285
M006287
M006289
M006291
M006292
M006293
M006296
M006298
M006300
M006301
M006302
M006303
M006305
M006307
M006308
M006309
M006315
M006318
M006319
M006320
M006321
M006323
M006324
M006325
M006326
M006328
M006330
M006333
M006334
M006338
M006339
M006344
M006345
M006346
M006347
M006348
M006349
M006350
M006352
M006353
M006354
M006355
M006356
M006358
M006359
M006360
M006361
M006362
M006363
M006365
M006366
M006367
M006368
M006370
M006373
M006376
M006377
M006379
M006380
M006381
M006382
M006384
M006387
M006388
M006391
M006392
M006393
M006394
M006395
M006398
M006399
M006405
M006408
M006409
M006411
M006412
M006413
M006414
M006415
M006416
M006417
M006419
M006421
M006422
M006423
M006425
M006427
M006428
M006429
M006431
M006434
M006436
M006437
M006439
M006440
M006441
M006443
M006444
M006445
M006447
M006449
M006450
M006453
M006455
M006456
M006458
M006462
M006463
M006465
M006466
M006468
M006470
M006471
M006474
M006476
M006478
M006479
M006480
M006482
M006483
M006484
M006485
M006486
M006487
M006489
M006492
M006497
M006498
M006499
M006500
M006502
M006504
M006506
M006507
M006510
M006511
M006513
M006515
M006516
M006517
M006519
M006520
M006524
M006528
M006529
M006532
M006534
M006535
M006537
M006541
M006542
M006543
M006545
M006547
M006548
M006550
M006551
M006552
M006553
M006554
M006555
M006558
M006559
M006560
M006561
M006562
M006563
M006564
M006565
M006569
M006571
M006578
M006579
M006584
M006586
M006587
M006588
M006590
M006591
M006593
M006594
M006595
M006597
M006598
M006599
M006600
M006601
M006602
M006604
M006605
M006606
M006607
M006608
M006609
M006611
M006612
M006613
M006614
M006616
M006617
M006618
M006619
M006621
M006622
M006623
M006624
M006625
M006628
M006632
M006634
M006635
M006636
M006639
M006641
M006643
M006645
M006647
M006649
M006650
M006651
M006653
M006654
M006657
M006659
M006661
M006664
M006666
M006667
M006668
M006669
M006671
M006673
M006675
M006677
M006678
M006679
M006680
M006681
M006684
M006685
M006688
M006691
M006695
M006696
M006698
M006700
M006702
M006704
M006707
M006710
M006711
M006713
M006714
M006715
M006716
M006717
M006721
M006722
M006725
M006729
M006730
M006731
M006732
M006734
M006736
M006737
M006738
M006742
M006743
M006744
M006746
M006748
M006749
M006750
M006752
M006753
M006754
M006757
M006761
M006763
M006764
M006766
M006768
M006769
M006770
M006771
M006773
M006775
M006778
M006779
M006780
M006783
M006786
M006787
M006788
M006790
M006791
M006793
M006794
M006796
M006798
M006800
M006801
M006802
M006804
M006807
M006808
M006809
M006810
M006813
M006815
M006816
M006817
M006823
M006824
M006825
M006826
M006827
M006829
M006830
M006831
M006832
M006834
M006837
M006838
M006841
M006842
M006843
M006846
M006847
M006849
M006850
M006851
M006854
M006855
M006856
M006857
M006863
M006864
M006865
M006867
M006869
M006870
M006873
M006875
M006879
M006881
M006882
M006884
M006885
M006889
M006890
M006891
M006892
M006893
M006894
M006895
M006896
M006897
M006898
M006900
M006901
M006902
M006903
M006905
M006906
M006907
M006909
M006910
M006911
M006913
M006914
M006915
M006916
M006918
M006919
M006920
M006921
M006922
M006923
M006925
M006926
M006930
M006931
M006933
M006934
M006935
M006936
M006939
M006941
M006943
M006945
M006946
M006947
M006948
M006951
M006955
M006958
M006959
M006960
M006962
M006964
M006966
M006968
M006969
M006970
M006972
M006973
M006974
M006976
M006977
M006981
M006982
M006983
M006984
M006985
M006989
M006991
M006993
M006995
M006996
M006997
M007002
M007003
M007005
M007006
M007008
M007009
M007010
M007012
M007013
M007015
M007016
M007018
M007019
M007022
M007023
M007025
M007028
M007029
M007030
M007031
M007034
M007035
M007038
M007039
M007040
M007042
M007043
M007045
M007046
M007048
M007051
M007052
M007053
M007054
M007056
M007059
M007060
M007061
M007065
M007066
M007068
M007069
M007070
M007071
M007072
M007073
M007074
M007076
M007077
M007078
M007079
M007080
M007082
M007087
M007088
M007090
M007091
M007092
M007094
M007099
M007105
M007106
M007109
M007110
M007113
M007115
M007116
M007117
M007119
M007122
M007123
M007127
M007128
M007129
M007130
M007132
M007133
M007135
M007136
M007137
M007138
M007142
M007143
M007144
M007145
M007146
M007147
M007148
M007150
M007151
M007152
M007153
M007155
M007156
M007158
M007159
M007161
M007162
M007163
M007166
M007169
M007170
M007172
M007173
M007175
M007177
M007180
M007182
M007183
M007184
M007185
M007186
M007190
M007192
M007195
M007196
M007200
M007201
M007202
M007205
M007206
M007207
M007210
M007211
M007212
M007214
M007215
M007217
M007218
M007219
M007220
M007221
M007225
M007226
M007228
M007229
M007230
M007231
M007233
M007234
M007235
M007236
M007237
M007238
M007239
M007241
M007242
M007243
M007244
M007247
M007248
M007249
M007252
M007253
M007254
M007256
M007257
M007258
M007260
M007261
M007262
M007264
M007266
M007267
M007268
M007269
M007270
M007271
M007272
M007273
M007275
M007278
M007279
M007284
M007285
M007287
M007288
M007289
M007292
M007293
M007294
M007296
M007297
M007299
M007302
M007303
M007304
M007305
M007306
M007308
M007312
M007316
M007319
M007323
M007324
M007326
M007327
M007328
M007329
M007331
M007332
M007333
M007334
M007335
M007337
M007338
M007340
M007341
M007342
M007343
M007344
M007345
M007346
M007349
M007351
M007353
M007357
M007360
M007361
M007364
M007367
M007368
M007369
M007371
M007372
M007374
M007375
M007377
M007379
M007381
M007382
M007383
M007385
M007386
M007387
M007388
M007389
M007390
M007392
M007393
M007394
M007395
M007396
M007397
M007400
M007401
M007402
M007403
M007404
M007406
M007407
M007408
M007410
M007414
M007415
M007416
M007422
M007424
M007426
M007427
M007429
M007430
M007431
M007433
M007435
M007437
M007438
M007440
M007441
M007442
M007443
M007447
M007448
M007449
M007452
M007455
M007460
M007462
M007463
M007464
M007465
M007467
M007468
M007469
M007471
M007476
M007477
M007478
M007481
M007482
M007483
M007484
M007485
M007486
M007487
M007488
M007489
M007490
M007491
M007493
M007494
M007495
M007499
M007500
M007502
M007504
M007505
M007506
M007508
M007509
M007510
M007512
M007515
M007517
M007518
M007519
M007520
M007521
M007522
M007525
M007526
M007527
M007529
M007530
M007531
M007533
M007534
M007539
M007541
M007545
M007547
M007548
M007555
M007557
M007558
M007560
M007564
M007565
M007569
M007570
M007571
M007574
M007575
M007576
M007577
M007578
M007579
M007580
M007583
M007584
M007586
M007587
M007588
M007589
M007590
M007591
M007592
M007594
M007595
M007596
M007599
M007601
M007602
M007603
M007604
M007606
M007609
M007611
M007613
M007614
M007615
M007616
M007618
M007619
M007620
M007621
M007622
M007627
M007633
M007634
M007635
M007640
M007645
M007646
M007649
M007650
M007651
M007652
M007654
M007656
M007657
M007658
M007660
M007662
M007663
M007664
M007665
M007669
M007670
M007672
M007673
M007674
M007677
M007680
M007682
M007685
M007686
M007687
M007688
M007690
M007691
M007694
M007696
M007697
M007698
M007699
M007701
M007703
M007705
M007709
M007710
M007711
M007713
M007714
M007716
M007717
M007718
M007720
M007721
M007724
M007725
M007726
M007727
M007729
M007733
M007734
M007735
M007736
M007737
M007738
M007739
M007740
M007741
M007743
M007744
M007746
M007748
M007751
M007752
M007753
M007754
M007757
M007760
M007763
M007764
M007765
M007768
M007769
M007770
M007771
M007773
M007775
M007778
M007783
M007784
M007787
M007788
M007792
M007793
M007794
M007795
M007797
M007800
M007801
M007802
M007803
M007804
M007809
M007810
M007813
M007814
M007815
M007816
M007817
M007819
M007821
M007823
M007825
M007826
M007827
M007829
M007831
M007832
M007833
M007834
M007835
M007836
M007837
M007839
M007840
M007841
M007842
M007843
M007844
M007846
M007849
M007850
M007851
M007852
M007853
M007855
M007858
M007860
M007861
M007866
M007868
M007870
M007871
M007873
M007874
M007875
M007876
M007877
M007879
M007880
M007881
M007882
M007885
M007891
M007892
M007897
M007899
M007900
M007901
M007902
M007903
M007904
M007905
M007907
M007908
M007909
M007910
M007911
M007913
M007916
M007917
M007922
M007926
M007928
M007929
M007931
M007934
M007935
M007936
M007937
M007938
M007942
M007943
M007944
M007945
M007947
M007948
M007950
M007951
M007952
M007953
M007955
M007958
M007959
M007962
M007963
M007964
M007966
M007967
M007968
M007969
M007973
M007974
M007976
M007977
M007978
M007979
M007980
M007981
M007983
M007984
M007985
M007987
M007989
M007990
M007991
M007992
M007993
M007994
M007996
M007997
M007998
M008000
M008001
M008003
M008007
M008008
M008010
M008011
M008013
M008015
M008019
M008020
M008024
M008026
M008027
M008028
M008031
M008033
M008034
M008035
M008036
M008037
M008038
M008040
M008041
M008043
M008044
M008046
M008047
M008048
M008049
M008051
M008054
M008056
M008059
M008061
M008062
M008063
M008065
M008070
M008071
M008072
M008073
M008074
M008075
M008078
M008079
M008080
M008085
M008086
M008090
M008091
M008093
M008095
M008096
M008099
M008101
M008102
M008103
M008104
M008108
M008110
M008113
M008115
M008116
M008118
M008119
M008120
M008121
M008122
M008124
M008125
M008127
M008128
M008129
M008130
M008132
M008133
M008134
M008135
M008136
M008137
M008138
M008140
M008143
M008145
M008149
M008150
M008151
M008153
M008154
M008156
M008158
M008160
M008161
M008163
M008164
M008166
M008167
M008169
M008171
M008172
M008175
M008178
M008180
M008181
M008182
M008185
M008186
M008188
M008189
M008190
M008195
M008197
M008198
M008199
M008200
M008201
M008202
M008203
M008206
M008209
M008210
M008212
M008213
M008214
M008215
M008217
M008218
M008220
M008221
M008222
M008223
M008224
M008226
M008228
M008229
M008230
M008231
M008233
M008234
M008236
M008237
M008239
M008241
M008242
M008243
M008245
M008247
M008248
M008249
M008250
M008251
M008253
M008255
M008257
M008259
M008263
M008264
M008265
M008268
M008269
M008270
M008272
M008273
M008274
M008277
M008278
M008280
M008285
M008286
M008288
M008290
M008293
M008294
M008295
M008297
M008299
M008300
M008301
M008302
M008303
M008306
M008308
M008309
M008313
M008314
M008318
M008322
M008324
M008325
M008326
M008327
M008328
M008330
M008332
M008334
M008335
M008337
M008341
M008342
M008344
M008345
M008350
M008359
M008361
M008364
M008369
M008370
M008373
M008374
M008375
M008379
M008380
M008384
M008385
M008386
M008387
M008389
M008390
M008392
M008393
M008394
M008396
M008397
M008398
M008402
M008403
M008406
M008408
M008409
M008410
M008411
M008412
M008413
M008414
M008415
M008420
M008421
M008422
M008423
M008426
M008430
M008432
M008433
M008434
M008435
M008436
M008437
M008438
M008439
M008441
M008442
M008447
M008448
M008450
M008451
M008453
M008454
M008455
M008459
M008460
M008462
M008465
M008466
M008467
M008468
M008470
M008471
M008472
M008473
M008475
M008476
M008478
M008479
M008480
M008483
M008488
M008492
M008496
M008497
M008499
M008501
M008503
M008504
M008506
M008507
M008509
M008511
M008513
M008514
M008515
M008516
M008519
M008522
M008523
M008524
M008525
M008526
M008527
M008529
M008531
M008532
M008533
M008536
M008538
M008539
M008541
M008545
M008546
M008547
M008548
M008549
M008550
M008551
M008552
M008553
M008555
M008557
M008558
M008561
M008562
M008570
M008571
M008572
M008573
M008575
M008576
M008579
M008581
M008584
M008585
M008586
M008587
M008589
M008591
M008593
M008596
M008599
M008601
M008602
M008604
M008605
M008606
M008607
M008608
M008609
M008611
M008613
M008615
M008616
M008617
M008618
M008619
M008622
M008623
M008624
M008625
M008626
M008628
M008629
M008630
M008631
M008634
M008637
M008639
M008640
M008641
M008642
M008643
M008644
M008645
M008647
M008648
M008650
M008651
M008652
M008654
M008655
M008656
M008657
M008658
M008659
M008660
M008661
M008662
M008663
M008667
M008669
M008670
M008671
M008673
M008674
M008675
M008677
M008678
M008679
M008680
M008681
M008683
M008684
M008686
M008687
M008689
M008690
M008693
M008698
M008699
M008701
M008703
M008706
M008709
M008710
M008711
M008712
M008713
M008714
M008715
M008716
M008719
M008722
M008723
M008726
M008727
M008731
M008734
M008735
M008736
M008737
M008738
M008742
M008743
M008744
M008745
M008747
M008749
M008750
M008753
M008754
M008756
M008757
M008758
M008760
M008761
M008762
M008764
M008765
M008766
M008767
M008769
M008771
M008772
M008773
M008776
M008777
M008778
M008779
M008781
M008784
M008785
M008786
M008787
M008788
M008789
M008790
M008791
M008792
M008794
M008798
M008800
M008802
M008804
M008805
M008806
M008807
M008808
M008810
M008812
M008813
M008814
M008815
M008817
M008820
M008823
M008825
M008826
M008830
M008832
M008833
M008836
M008839
M008841
M008842
M008846
M008847
M008848
M008849
M008852
M008854
M008856
M008857
M008858
M008859
M008866
M008867
M008868
M008870
M008872
M008873
M008874
M008875
M008876
M008879
M008880
M008881
M008882
M008883
M008884
M008885
M008889
M008890
M008893
M008894
M008895
M008897
M008898
M008901
M008906
M008908
M008909
M008912
M008913
M008914
M008916
M008917
M008918
M008919
M008920
M008924
M008925
M008926
M008929
M008931
M008932
M008935
M008937
M008938
M008940
M008941
M008942
M008945
M008946
M008947
M008949
M008950
M008951
M008952
M008957
M008958
M008960
M008961
M008962
M008964
M008968
M008969
M008972
M008973
M008974
M008975
M008976
M008977
M008978
M008979
M008980
M008982
M008983
M008984
M008985
M008986
M008987
M008988
M008990
M008991
M008992
M008993
M008994
M008996
M008997
M008999
M009000
M009003
M009004
M009005
M009007
M009009
M009010
M009013
M009014
M009016
M009017
M009018
M009019
M009021
M009023
M009026
M009027
M009028
M009030
M009032
M009034
M009036
M009037
M009038
M009039
M009040
M009042
M009044
M009046
M009048
M009049
M009050
M009052
M009053
M009055
M009056
M009058
M009060
M009061
M009064
M009065
M009066
M009067
M009069
M009071
M009073
M009074
M009076
M009079
M009080
M009081
M009082
M009083
M009086
M009087
M009088
M009089
M009090
M009092
M009093
M009095
M009099
M009100
M009101
M009102
M009103
M009104
M009105
M009106
M009108
M009110
M009111
M009112
M009113
M009114
M009115
M009117
M009119
M009120
M009122
M009126
M009127
M009128
M009129
M009131
M009132
M009133
M009134
M009138
M009139
M009141
M009142
M009143
M009144
M009146
M009147
M009149
M009154
M009155
M009156
M009157
M009158
M009160
M009163
M009164
M009165
M009166
M009167
M009168
M009169
M009170
M009172
M009173
M009175
M009176
M009177
M009178
M009179
M009182
M009183
M009188
M009190
M009191
M009192
M009193
M009194
M009195
M009196
M009197
M009198
M009200
M009201
M009202
M009203
M009204
M009206
M009207
M009208
M009211
M009214
M009219
M009222
M009224
M009225
M009226
M009227
M009228
M009231
M009232
M009235
M009237
M009239
M009240
M009241
M009242
M009246
M009248
M009249
M009250
M009254
M009255
M009258
M009259
M009260
M009261
M009263
M009266
M009267
M009268
M009269
M009270
M009271
M009274
M009275
M009278
M009279
M009281
M009282
M009284
M009290
M009292
M009293
M009294
M009295
M009296
M009299
M009300
M009301
M009305
M009306
M009307
M009309
M009310
M009311
M009312
M009313
M009315
M009317
M009318
M009319
M009320
M009321
M009322
M009323
M009324
M009325
M009326
M009327
M009328
M009329
M009330
M009333
M009334
M009335
M009336
M009339
M009340
M009342
M009343
M009344
M009345
M009346
M009348
M009352
M009353
M009356
M009357
M009358
M009361
M009362
M009364
M009365
M009368
M009369
M009371
M009372
M009374
M009376
M009378
M009379
M009381
M009384
M009387
M009389
M009392
M009393
M009394
M009396
M009398
M009404
M009407
M009408
M009409
M009412
M009415
M009418
M009419
M009420
M009421
M009422
M009423
M009424
M009425
M009428
M009431
M009433
M009434
M009436
M009438
M009439
M009444
M009446
M009447
M009448
M009451
M009452
M009454
M009456
M009457
M009458
M009460
M009461
M009463
M009464
M009465
M009466
M009467
M009469
M009472
M009474
M009475
M009479
M009480
M009481
M009482
M009487
M009489
M009490
M009491
M009492
M009494
M009496
M009497
M009498
M009499
M009502
M009505
M009506
M009507
M009508
M009509
M009512
M009513
M009516
M009518
M009522
M009523
M009524
M009525
M009526
M009529
M009531
M009532
M009533
M009534
M009536
M009537
M009538
M009540
M009541
M009542
M009543
M009545
M009546
M009547
M009548
M009550
M009551
M009555
M009557
M009567
M009568
M009569
M009570
M009571
M009572
M009574
M009575
M009578
M009580
M009581
M009582
M009583
M009585
M009586
M009588
M009589
M009590
M009592
M009593
M009594
M009595
M009596
M009597
M009599
M009601
M009604
M009605
M009606
M009607
M009608
M009610
M009611
M009612
M009615
M009617
M009619
M009622
M009624
M009627
M009628
M009629
M009630
M009631
M009632
M009634
M009635
M009636
M009637
M009638
M009639
M009640
M009641
M009644
M009647
M009648
M009649
M009651
M009652
M009655
M009657
M009658
M009659
M009660
M009661
M009662
M009665
M009669
M009670
M009672
M009674
M009675
M009676
M009677
M009678
M009680
M009681
M009683
M009684
M009686
M009688
M009690
M009691
M009692
M009693
M009694
M009696
M009697
M009698
M009699
M009700
M009701
M009702
M009705
M009706
M009708
M009711
M009713
M009715
M009718
M009719
M009721
M009723
M009725
M009726
M009728
M009731
M009732
M009734
M009735
M009738
M009739
M009740
M009741
M009742
M009743
M009745
M009747
M009748
M009750
M009751
M009752
M009754
M009759
M009760
M009765
M009766
M009767
M009779
M009780
M009781
M009782
M009783
M009784
M009785
M009786
M009787
M009788
M009789
M009792
M009798
M009803
M009806
M009807
M009808
M009809
M009812
M009813
M009815
M009818
M009820
M009823
M009824
M009826
M009827
M009828
M009830
M009834
M009835
M009836
M009837
M009839
M009840
M009842
M009844
M009845
M009847
M009848
M009850
M009853
M009854
M009855
M009856
M009857
M009858
M009859
M009860
M009861
M009862
M009864
M009865
M009866
M009868
M009869
M009870
M009872
M009873
M009874
M009875
M009879
M009882
M009883
M009884
M009885
M009886
M009888
M009889
M009891
M009893
M009894
M009895
M009897
M009898
M009899
M009902
M009906
M009907
M009909
M009912
M009914
M009915
M009916
M009918
M009920
M009921
M009923
M009927
M009929
M009931
M009932
M009933
M009934
M009935
M009937
M009938
M009940
M009943
M009944
M009948
M009951
M009952
M009953
M009955
M009956
M009957
M009962
M009963
M009964
M009967
M009969
M009970
M009971
M009974
M009975
M009976
M009978
M009980
M009981
M009982
M009983
M009984
M009985
M009987
M009989
M009990
M009995
M009997
M009998
M009999
M010000
M010002
M010004
M010005
M010006
M010008
M010009
M010010
M010012
M010014
M010016
M010017
M010018
M010019
M010020
M010021
M010022
M010023
M010027
M010029
M010030
M010031
M010033
M010034
M010035
M010036
M010040
M010041
M010042
M010044
M010047
M010048
M010049
M010050
M010051
M010052
M010053
M010056
M010057
M010058
M010060
M010062
M010064
M010065
M010066
M010067
M010069
M010073
M010075
M010077
M010078
M010085
M010086
M010087
M010089
M010090
M010091
M010092
M010094
M010095
M010099
M010101
M010102
M010103
M010104
M010105
M010107
M010108
M010111
M010112
M010113
M010117
M010119
M010120
M010122
M010123
M010124
M010125
M010127
M010128
M010129
M010131
M010132
M010133
M010134
M010136
M010137
M010139
M010140
M010144
M010151
M010153
M010154
M010155
M010156
M010158
M010163
M010165
M010166
M010168
M010169
M010171
M010172
M010173
M010174
M010175
M010176
M010180
M010181
M010182
M010186
M010187
M010188
M010190
M010191
M010197
M010198
M010202
M010204
M010206
M010207
M010208
M010209
M010210
M010212
M010215
M010216
M010220
M010221
M010227
M010228
M010231
M010232
M010236
M010237
M010238
M010240
M010243
M010244
M010245
M010246
M010247
M010250
M010253
M010255
M010258
M010259
M010260
M010261
M010262
M010263
M010264
M010265
M010266
M010268
M010269
M010271
M010273
M010274
M010275
M010276
M010277
M010278
M010281
M010283
M010285
M010287
M010291
M010293
M010294
M010295
M010296
M010297
M010299
M010300
M010302
M010303
M010308
M010309
M010310
M010311
M010312
M010313
M010314
M010316
M010318
M010321
M010323
M010324
M010325
M010326
M010328
M010330
M010332
M010333
M010336
M010337
M010338
M010340
M010341
M010344
M010345
M010346
M010347
M010349
M010350
M010351
M010352
M010353
M010355
M010357
M010358
M010359
M010360
M010361
M010362
M010363
M010365
M010366
M010367
M010369
M010370
M010372
M010373
M010376
M010377
M010378
M010381
M010382
M010386
M010387
M010389
M010391
M010393
M010395
M010396
M010397
M010398
M010399
M010402
M010403
M010405
M010406
M010407
M010408
M010410
M010411
M010414
M010415
M010416
M010419
M010422
M010423
M010424
M010425
M010426
M010427
M010428
M010430
M010431
M010433
M010434
M010435
M010437
M010438
M010442
M010444
M010446
M010449
M010450
M010451
M010453
M010455
M010458
M010459
M010460
M010462
M010466
M010468
M010469
M010471
M010472
M010475
M010476
M010477
M010478
M010479
M010480
M010482
M010483
M010484
M010485
M010486
M010488
M010489
M010490
M010491
M010493
M010494
M010497
M010498
M010501
M010502
M010503
M010504
M010506
M010507
M010510
M010513
M010514
M010515
M010521
M010524
M010528
M010530
M010531
M010532
M010536
M010538
M010540
M010542
M010544
M010550
M010554
M010555
M010560
M010561
M010565
M010567
M010568
M010569
M010571
M010572
M010573
M010574
M010575
M010577
M010578
M010582
M010583
M010584
M010587
M010589
M010590
M010591
M010592
M010593
M010594
M010595
M010596
M010599
M010602
M010605
M010606
M010608
M010609
M010611
M010612
M010613
M010615
M010620
M010623
M010624
M010625
M010626
M010627
M010628
M010629
M010631
M010632
M010635
M010636
M010640
M010643
M010645
M010646
M010647
M010649
M010652
M010654
M010656
M010657
M010662
M010664
M010666
M010667
M010668
M010670
M010672
M010673
M010674
M010675
M010677
M010678
M010679
M010680
M010681
M010682
M010683
M010684
M010688
M010689
M010690
M010691
M010692
M010693
M010696
M010697
M010700
M010701
M010705
M010708
M010711
M010712
M010713
M010717
M010718
M010721
M010722
M010723
M010724
M010725
M010726
M010727
M010728
M010729
M010730
M010731
M010732
M010733
M010734
M010735
M010738
M010740
M010741
M010742
M010746
M010747
M010748
M010751
M010753
M010756
M010757
M010758
M010761
M010762
M010763
M010764
M010765
M010767
M010769
M010770
M010772
M010774
M010777
M010778
M010779
M010781
M010783
M010786
M010787
M010789
M010791
M010798
M010799
M010800
M010801
M010802
M010803
M010804
M010805
M010806
M010807
M010812
M010813
M010814
M010815
M010818
M010820
M010821
M010822
M010824
M010825
M010826
M010829
M010830
M010831
M010832
M010833
M010834
M010835
M010836
M010839
M010842
M010844
M010845
M010846
M010847
M010848
M010851
M010852
M010853
M010854
M010857
M010859
M010860
M010864
M010866
M010867
M010868
M010869
M010870
M010871
M010872
M010873
M010875
M010876
M010877
M010879
M010880
M010881
M010882
M010883
M010885
M010886
M010887
M010888
M010889
M010890
M010892
M010893
M010894
M010896
M010900
M010901
M010902
M010903
M010904
M010906
M010907
M010910
M010912
M010913
M010916
M010920
M010921
M010923
M010924
M010925
M010926
M010929
M010931
M010932
M010935
M010939
M010942
M010943
M010946
M010948
M010950
M010951
M010952
M010953
M010954
M010955
M010957
M010958
M010960
M010961
M010963
M010965
M010966
M010968
M010969
M010970
M010972
M010973
M010974
M010975
M010977
M010978
M010980
M010982
M010983
M010984
M010987
M010988
M010989
M010990
M010992
M010993
M010994
M010998
M010999
M011000
M011001
M011003
M011005
M011006
M011007
M011009
M011010
M011013
M011016
M011018
M011019
M011020
M011021
M011023
M011027
M011029
M011032
M011033
M011034
M011036
M011038
M011039
M011040
M011041
M011042
M011043
M011044
M011045
M011047
M011048
M011050
M011052
M011053
M011054
M011056
M011057
M011060
M011061
M011062
M011063
M011064
M011065
M011066
M011067
M011068
M011069
M011070
M011071
M011072
M011076
M011078
M011079
M011081
M011082
M011083
M011084
M011085
M011086
M011087
M011088
M011089
M011090
M011092
M011094
M011096
M011098
M011099
M011100
M011102
M011103
M011105
M011106
M011108
M011109
M011110
M011111
M011112
M011113
M011114
M011116
M011117
M011120
M011121
M011123
M011125
M011128
M011129
M011132
M011133
M011134
M011135
M011137
M011138
M011139
M011141
M011142
M011143
M011145
M011149
M011150
M011151
M011152
M011153
M011154
M011155
M011156
M011157
M011159
M011160
M011163
M011164
M011165
M011166
M011168
M011169
M011170
M011171
M011172
M011173
M011175
M011176
M011177
M011179
M011186
M011187
M011190
M011193
M011194
M011195
M011197
M011198
M011200
M011202
M011203
M011204
M011205
M011206
M011208
M011209
M011217
M011218
M011219
M011220
M011221
M011225
M011229
M011232
M011233
M011235
M011236
M011237
M011240
M011241
M011244
M011246
M011247
M011249
M011250
M011251
M011254
M011256
M011259
M011260
M011262
M011264
M011265
M011267
M011268
M011269
M011271
M011272
M011273
M011274
M011276
M011279
M011281
M011282
M011283
M011285
M011286
M011288
M011290
M011291
M011292
M011293
M011294
M011297
M011298
M011299
M011301
M011302
M011305
M011306
M011309
M011310
M011311
M011312
M011313
M011314
M011315
M011316
M011318
M011319
M011320
M011324
M011325
M011326
M011327
M011328
M011329
M011330
M011333
M011336
M011337
M011341
M011344
M011347
M011348
M011349
M011350
M011354
M011355
M011360
M011361
M011362
M011364
M011366
M011367
M011369
M011370
M011371
M011376
M011377
M011378
M011380
M011381
M011383
M011384
M011386
M011388
M011389
M011391
M011393
M011395
M011399
M011400
M011403
M011404
M011405
M011407
M011408
M011410
M011413
M011414
M011416
M011417
M011418
M011421
M011422
M011423
M011424
M011425
M011427
M011429
M011433
M011434
M011436
M011437
M011439
M011440
M011443
M011444
M011446
M011448
M011449
M011450
M011452
M011453
M011454
M011455
M011456
M011459
M011461
M011464
M011466
M011468
M011472
M011473
M011475
M011476
M011479
M011480
M011481
M011485
M011486
M011487
M011488
M011492
M011495
M011497
M011498
M011499
M011500
M011501
M011503
M011505
M011506
M011507
M011508
M011509
M011510
M011511
M011513
M011514
M011515
M011516
M011518
M011519
M011520
M011525
M011527
M011528
M011530
M011533
M011535
M011537
M011538
M011539
M011540
M011541
M011542
M011543
M011546
M011549
M011551
M011552
M011553
M011554
M011556
M011557
M011563
M011564
M011565
M011571
M011572
M011574
M011576
M011577
M011578
M011581
M011582
M011584
M011585
M011586
M011587
M011588
M011590
M011591
M011592
M011593
M011596
M011598
M011601
M011602
M011603
M011604
M011606
M011609
M011610
M011611
M011612
M011613
M011614
M011616
M011618
M011619
M011620
M011621
M011622
M011625
M011626
M011627
M011628
M011631
M011635
M011638
M011641
M011644
M011649
M011650
M011651
M011654
M011655
M011656
M011657
M011658
M011662
M011664
M011666
M011667
M011669
M011670
M011672
M011674
M011675
M011676
M011678
M011679
M011680
M011681
M011685
M011686
M011691
M011692
M011695
M011696
M011698
M011699
M011703
M011704
M011707
M011708
M011709
M011710
M011711
M011713
M011714
M011715
M011719
M011720
M011721
M011722
M011723
M011724
M011725
M011727
M011733
M011734
M011736
M011737
M011741
M011742
M011745
M011748
M011749
M011751
M011752
M011754
M011756
M011758
M011761
M011762
M011763
M011765
M011766
M011769
M011770
M011771
M011773
M011774
M011779
M011780
M011781
M011782
M011784
M011787
M011788
M011792
M011796
M011799
M011800
M011801
M011808
M011814
M011815
M011816
M011817
M011818
M011819
M011820
M011822
M011828
M011829
M011830
M011835
M011836
M011837
M011838
M011839
M011842
M011844
M011848
M011849
M011850
M011851
M011853
M011855
M011856
M011857
M011858
M011860
M011862
M011868
M011870
M011871
M011874
M011875
M011876
M011877
M011878
M011879
M011880
M011881
M011882
M011883
M011884
M011885
M011886
M011887
M011891
M011893
M011898
M011899
M011901
M011903
M011908
M011909
M011911
M011912
M011914
M011916
M011917
M011919
M011920
M011923
M011924
M011932
M011933
M011936
M011938
M011939
M011943
M011944
M011946
M011947
M011949
M011950
M011951
M011952
M011953
M011954
M011956
M011957
M011960
M011962
M011963
M011964
M011966
M011968
M011970
M011971
M011973
M011974
M011975
M011976
M011980
M011984
M011986
M011987
M011990
M011992
M011995
M011998
M012000
M012002
M012003
M012004
M012006
M012007
M012008
M012009
M012010
M012011
M012012
M012013
M012015
M012016
M012018
M012024
M012026
M012029
M012030
M012031
M012034
M012035
M012036
M012037
M012038
M012040
M012042
M012043
M012044
M012047
M012050
M012051
M012052
M012056
M012057
M012061
M012062
M012064
M012065
M012066
M012070
M012072
M012073
M012074
M012076
M012077
M012078
M012079
M012080
M012081
M012082
M012086
M012090
M012092
M012093
M012096
M012097
M012101
M012102
M012104
M012105
M012106
M012107
M012108
M012109
M012110
M012111
M012112
M012113
M012114
M012115
M012120
M012121
M012122
M012123
M012124
M012125
M012126
M012128
M012129
M012131
M012133
M012134
M012136
M012137
M012139
M012141
M012142
M012144
M012146
M012147
M012150
M012151
M012152
M012153
M012155
M012156
M012157
M012159
M012162
M012163
M012165
M012169
M012170
M012173
M012175
M012176
M012180
M012181
M012184
M012185
M012187
M012188
M012194
M012196
M012197
M012198
M012199
M012201
M012203
M012204
M012207
M012208
M012209
M012210
M012212
M012214
M012217
M012218
M012220
M012223
M012226
M012227
M012232
M012236
M012237
M012241
M012242
M012243
M012246
M012247
M012248
M012251
M012253
M012254
M012255
M012256
M012257
M012259
M012260
M012261
M012262
M012263
M012266
M012271
M012272
M012275
M012283
M012285
M012287
M012291
M012292
M012293
M012294
M012297
M012299
M012303
M012304
M012307
M012311
M012312
M012313
M012314
M012315
M012316
M012318
M012325
M012327
M012329
M012331
M012332
M012333
M012334
M012336
M012341
M012345
M012346
M012347
M012348
M012349
M012350
M012352
M012353
M012354
M012357
M012358
M012359
M012360
M012366
M012367
M012368
M012372
M012373
M012375
M012377
M012381
M012382
M012383
M012386
M012389
M012391
M012392
M012394
M012395
M012396
M012401
M012402
M012403
M012404
M012405
M012406
M012407
M012408
M012411
M012412
M012413
M012415
M012416
M012417
M012418
M012419
M012421
M012422
M012424
M012425
M012426
M012428
M012430
M012432
M012434
M012436
M012438
M012442
M012443
M012444
M012446
M012448
M012449
M012451
M012452
M012455
M012456
M012457
M012458
M012460
M012461
M012463
M012467
M012468
M012469
M012471
M012472
M012473
M012475
M012476
M012477
M012478
M012480
M012481
M012482
M012483
M012486
M012494
M012497
M012499
M012500
M012501
M012502
M012503
M012505
M012507
M012508
M012509
M012510
M012511
M012512
M012513
M012514
M012516
M012519
M012520
M012522
M012525
M012526
M012528
M012530
M012531
M012532
M012533
M012536
M012537
M012539
M012540
M012542
M012544
M012545
M012546
M012547
M012548
M012549
M012550
M012551
M012552
M012553
M012556
M012557
M012563
M012565
M012569
M012571
M012572
M012573
M012574
M012576
M012580
M012582
M012586
M012589
M012592
M012593
M012594
M012596
M012597
M012598
M012599
M012600
M012603
M012604
M012609
M012610
M012613
M012614
M012615
M012617
M012618
M012619
M012621
M012623
M012624
M012626
M012627
M012629
M012631
M012633
M012635
M012636
M012637
M012638
M012641
M012642
M012646
M012650
M012651
M012652
M012653
M012654
M012656
M012659
M012660
M012661
M012663
M012667
M012669
M012672
M012676
M012681
M012682
M012683
M012684
M012685
M012687
M012692
M012693
M012694
M012695
M012696
M012698
M012699
M012700
M012702
M012707
M012709
M012711
M012712
M012714
M012715
M012718
M012719
M012721
M012722
M012723
M012726
M012728
M012729
M012731
M012734
M012736
M012737
M012740
M012742
M012743
M012744
M012745
M012746
M012747
M012748
M012749
M012750
M012752
M012754
M012756
M012758
M012759
M012760
M012763
M012764
M012765
M012767
M012770
M012771
M012772
M012774
M012775
M012776
M012777
M012778
M012779
M012781
M012783
M012785
M012786
M012787
M012788
M012790
M012792
M012794
M012795
M012796
M012797
M012800
M012801
M012806
M012809
M012810
M012811
M012812
M012814
M012815
M012816
M012819
M012821
M012822
M012825
M012827
M012830
M012831
M012834
M012835
M012836
M012839
M012840
M012841
M012842
M012843
M012844
M012847
M012848
M012849
M012850
M012853
M012854
M012855
M012857
M012858
M012860
M012862
M012863
M012866
M012868
M012871
M012872
M012874
M012875
M012876
M012878
M012880
M012881
M012884
M012885
M012886
M012888
M012890
M012891
M012893
M012894
M012895
M012896
M012897
M012898
M012900
M012902
M012904
M012906
M012910
M012912
M012913
M012914
M012915
M012916
M012917
M012918
M012919
M012922
M012924
M012929
M012931
M012934
M012936
M012937
M012938
M012940
M012943
M012944
M012945
M012946
M012947
M012948
M012949
M012951
M012952
M012954
M012955
M012957
M012958
M012960
M012961
M012962
M012964
M012965
M012966
M012967
M012969
M012971
M012973
M012975
M012976
M012977
M012978
M012979
M012982
M012983
M012984
M012986
M012987
M012988
M012990
M012991
M012994
M012995
M012996
M012997
M012998
M013001
M013005
M013008
M013009
M013012
M013013
M013015
M013016
M013017
M013019
M013020
M013021
M013022
M013024
M013026
M013027
M013029
M013032
M013033
M013037
M013039
M013041
M013043
M013044
M013047
M013048
M013049
M013051
M013052
M013053
M013054
M013055
M013059
M013060
M013061
M013062
M013063
M013064
M013065
M013066
M013070
M013072
M013074
M013079
M013080
M013081
M013084
M013086
M013089
M013091
M013092
M013093
M013094
M013097
M013098
M013100
M013101
M013102
M013103
M013104
M013105
M013107
M013108
M013109
M013110
M013113
M013114
M013115
M013117
M013119
M013121
M013124
M013126
M013127
M013128
M013129
M013134
M013135
M013136
M013137
M013138
M013139
M013141
M013142
M013143
M013144
M013145
M013146
M013148
M013149
M013150
M013151
M013152
M013155
M013156
M013159
M013161
M013162
M013163
M013165
M013167
M013169
M013170
M013171
M013172
M013173
M013176
M013177
M013178
M013179
M013181
M013184
M013186
M013187
M013191
M013192
M013195
M013197
M013198
M013201
M013204
M013205
M013206
M013209
M013210
M013211
M013212
M013213
M013214
M013216
M013217
M013218
M013219
M013220
M013227
M013228
M013231
M013232
M013233
M013234
M013235
M013236
M013238
M013239
M013240
M013242
M013243
M013245
M013246
M013247
M013248
M013250
M013251
M013254
M013256
M013259
M013260
M013261
M013262
M013263
M013264
M013265
M013266
M013268
M013269
M013270
M013271
M013272
M013273
M013274
M013277
M013279
M013282
M013283
M013284
M013285
M013288
M013291
M013296
M013297
M013298
M013300
M013302
M013303
M013304
M013307
M013308
M013309
M013311
M013312
M013313
M013319
M013321
M013322
M013323
M013324
M013325
M013326
M013327
M013329
M013330
M013332
M013333
M013334
M013335
M013337
M013338
M013340
M013342
M013346
M013348
M013349
M013351
M013353
M013354
M013355
M013356
M013357
M013360
M013361
M013362
M013364
M013365
M013367
M013372
M013377
M013381
M013383
M013384
M013386
M013387
M013390
M013391
M013392
M013394
M013395
M013396
M013397
M013398
M013399
M013400
M013402
M013405
M013408
M013410
M013412
M013413
M013414
M013416
M013418
M013420
M013421
M013422
M013424
M013425
M013427
M013429
M013430
M013431
M013432
M013433
M013436
M013438
M013441
M013442
M013443
M013445
M013446
M013447
M013448
M013450
M013452
M013453
M013455
M013457
M013458
M013459
M013460
M013461
M013462
M013463
M013465
M013470
M013472
M013473
M013477
M013478
M013479
M013482
M013485
M013486
M013487
M013488
M013489
M013490
M013491
M013494
M013496
M013497
M013498
M013499
M013502
M013505
M013506
M013507
M013508
M013509
M013510
M013513
M013516
M013517
M013518
M013520
M013521
M013523
M013524
M013526
M013528
M013532
M013535
M013536
M013539
M013541
M013542
M013545
M013547
M013548
M013550
M013551
M013552
M013553
M013554
M013556
M013557
M013559
M013560
M013563
M013564
M013565
M013566
M013569
M013570
M013571
M013575
M013576
M013578
M013581
M013582
M013583
M013584
M013588
M013590
M013591
M013592
M013594
M013595
M013596
M013599
M013600
M013603
M013604
M013606
M013607
M013609
M013611
M013612
M013613
M013614
M013615
M013617
M013620
M013621
M013625
M013626
M013627
M013628
M013629
M013630
M013631
M013635
M013637
M013639
M013640
M013644
M013645
M013650
M013651
M013653
M013656
M013658
M013659
M013660
M013663
M013666
M013669
M013670
M013671
M013672
M013674
M013677
M013681
M013682
M013683
M013684
M013687
M013690
M013692
M013696
M013698
M013699
M013701
M013702
M013706
M013707
M013708
M013710
M013711
M013712
M013713
M013714
M013715
M013716
M013717
M013720
M013723
M013727
M013729
M013731
M013732
M013733
M013737
M013739
M013740
M013742
M013743
M013744
M013746
M013749
M013750
M013751
M013752
M013758
M013759
M013760
M013764
M013767
M013769
M013770
M013772
M013773
M013774
M013775
M013776
M013780
M013782
M013783
M013784
M013788
M013789
M013790
M013791
M013793
M013794
M013797
M013799
M013800
M013801
M013802
M013805
M013807
M013809
M013813
M013814
M013815
M013817
M013821
M013822
M013823
M013824
M013825
M013826
M013827
M013828
M013829
M013830
M013832
M013834
M013835
M013837
M013838
M013841
M013842
M013843
M013844
M013845
M013848
M013851
M013852
M013854
M013856
M013857
M013858
M013859
M013860
M013862
M013863
M013865
M013866
M013867
M013868
M013869
M013874
M013875
M013877
M013878
M013879
M013880
M013883
M013884
M013885
M013886
M013888
M013890
M013892
M013894
M013895
M013899
M013900
M013904
M013906
M013907
M013909
M013912
M013913
M013914
M013915
M013916
M013917
M013919
M013921
M013922
M013923
M013924
M013928
M013930
M013931
M013932
M013934
M013935
M013936
M013937
M013938
M013939
M013940
M013941
M013943
M013945
M013947
M013950
M013951
M013953
M013954
M013956
M013957
M013958
M013959
M013967
M013970
M013972
M013976
M013979
M013982
M013983
M013984
M013986
M013987
M013988
M013989
M013990
M013991
M013992
M013993
M013994
M013995
M013999
M014000
M014001
M014003
M014004
M014006
M014008
M014011
M014013
M014014
M014016
M014019
M014022
M014024
M014026
M014028
M014029
M014031
M014034
M014035
M014037
M014038
M014040
M014042
M014044
M014048
M014053
M014054
M014055
M014057
M014058
M014059
M014060
M014062
M014063
M014064
M014065
M014068
M014069
M014070
M014071
M014073
M014074
M014076
M014079
M014080
M014082
M014083
M014084
M014085
M014086
M014089
M014090
M014091
M014092
M014095
M014096
M014097
M014098
M014099
M014100
M014103
M014104
M014105
M014106
M014107
M014111
M014112
M014114
M014115
M014116
M014117
M014118
M014119
M014120
M014122
M014124
M014126
M014127
M014129
M014132
M014134
M014136
M014137
M014138
M014140
M014141
M014142
M014143
M014144
M014145
M014146
M014147
M014148
M014149
M014150
M014151
M014152
M014153
M014154
M014155
M014156
M014157
M014158
M014163
M014164
M014165
M014166
M014167
M014168
M014170
M014172
M014173
M014174
M014176
M014178
M014179
M014180
M014181
M014182
M014183
M014184
M014186
M014189
M014190
M014191
M014196
M014203
M014204
M014206
M014207
M014210
M014211
M014216
M014217
M014219
M014220
M014221
M014223
M014224
M014226
M014227
M014231
M014235
M014236
M014237
M014240
M014241
M014242
M014243
M014246
M014248
M014249
M014251
M014256
M014257
M014258
M014259
M014260
M014261
M014262
M014263
M014264
M014265
M014266
M014269
M014270
M014271
M014273
M014275
M014277
M014281
M014282
M014286
M014287
M014288
M014289
M014290
M014291
M014294
M014296
M014297
M014301
M014302
M014303
M014306
M014308
M014309
M014313
M014315
M014316
M014317
M014319
M014322
M014323
M014324
M014327
M014328
M014329
M014330
M014331
M014333
M014334
M014335
M014338
M014339
M014341
M014343
M014344
M014346
M014349
M014350
M014353
M014354
M014355
M014356
M014358
M014359
M014360
M014362
M014363
M014364
M014365
M014367
M014368
M014369
M014371
M014372
M014373
M014375
M014376
M014378
M014381
M014383
M014388
M014391
M014393
M014394
M014396
M014397
M014398
M014399
M014400
M014401
M014402
M014403
M014404
M014405
M014406
M014407
M014408
M014409
M014410
M014411
M014414
M014415
M014417
M014419
M014422
M014423
M014424
M014425
M014426
M014427
M014429
M014430
M014432
M014433
M014434
M014435
M014437
M014438
M014441
M014442
M014443
M014446
M014447
M014449
M014450
M014451
M014454
M014455
M014456
M014458
M014459
M014460
M014463
M014466
M014467
M014468
M014470
M014471
M014473
M014474
M014478
M014479
M014481
M014482
M014484
M014486
M014487
M014488
M014489
M014492
M014493
M014494
M014495
M014497
M014498
M014500
M014501
M014502
M014504
M014508
M014511
M014514
M014515
M014516
M014518
M014520
M014521
M014523
M014525
M014526
M014527
M014529
M014530
M014531
M014532
M014534
M014537
M014538
M014539
M014540
M014542
M014544
M014545
M014548
M014549
M014550
M014551
M014552
M014555
M014556
M014558
M014559
M014561
M014562
M014563
M014564
M014566
M014567
M014570
M014572
M014576
M014580
M014582
M014585
M014587
M014589
M014590
M014591
M014593
M014594
M014596
M014598
M014599
M014600
M014606
M014609
M014611
M014614
